case,form,terms,sd_rms_db,sd_max_db,unstable_before_fixup
aa-50Hz,direct,2,7.87,19.37,1
aa-50Hz,direct,3,6.4,19.7,1
aa-50Hz,direct,4,2.59,10.9,0
aa-50Hz,sos,2,3.43,10.88,0
aa-50Hz,sos,3,0.38,1.16,0
aa-50Hz,sos,4,0.06,0.26,0
aa-80Hz,direct,2,8.07,19.53,1
aa-80Hz,direct,3,6.09,15.56,0
aa-80Hz,direct,4,1.81,7.38,0
aa-80Hz,sos,2,3.27,12.14,0
aa-80Hz,sos,3,0.38,1.21,0
aa-80Hz,sos,4,0.04,0.11,0
aa-120Hz,direct,2,8.21,20.31,1
aa-120Hz,direct,3,5.64,17.06,1
aa-120Hz,direct,4,2.31,9.65,1
aa-120Hz,sos,2,3.68,11.38,0
aa-120Hz,sos,3,0.42,1.05,0
aa-120Hz,sos,4,0.06,0.16,0
aa-180Hz,direct,2,12.47,28.39,1
aa-180Hz,direct,3,6.34,19.41,1
aa-180Hz,direct,4,1.14,3.79,0
aa-180Hz,sos,2,4.05,10.57,0
aa-180Hz,sos,3,0.28,0.74,0
aa-180Hz,sos,4,0.06,0.12,0
aa-250Hz,direct,2,13.42,31.31,1
aa-250Hz,direct,3,3.71,10.45,1
aa-250Hz,direct,4,2.12,7.06,0
aa-250Hz,sos,2,0.93,1.59,0
aa-250Hz,sos,3,0.43,0.88,0
aa-250Hz,sos,4,0.06,0.12,0
aa-330Hz,direct,2,4.83,11.75,1
aa-330Hz,direct,3,5.74,12.09,1
aa-330Hz,direct,4,2.91,9.09,0
aa-330Hz,sos,2,1.35,3.92,0
aa-330Hz,sos,3,0.4,1.03,0
aa-330Hz,sos,4,0.03,0.06,0
aa-400Hz,direct,2,9.89,20.53,1
aa-400Hz,direct,3,2.64,3.86,1
aa-400Hz,direct,4,2.79,7.17,0
aa-400Hz,sos,2,1.05,1.57,0
aa-400Hz,sos,3,0.42,1.0,0
aa-400Hz,sos,4,0.09,0.18,0
iy-50Hz,direct,2,3.35,14.42,1
iy-50Hz,direct,3,1.25,9.37,0
iy-50Hz,direct,4,0.1,0.69,0
iy-50Hz,sos,2,2.51,8.49,0
iy-50Hz,sos,3,0.67,2.3,0
iy-50Hz,sos,4,0.23,0.71,0
iy-80Hz,direct,2,1.9,10.33,0
iy-80Hz,direct,3,0.63,3.84,0
iy-80Hz,direct,4,0.1,0.59,0
iy-80Hz,sos,2,2.17,5.54,0
iy-80Hz,sos,3,0.5,1.47,0
iy-80Hz,sos,4,0.16,0.44,0
iy-120Hz,direct,2,1.33,4.34,0
iy-120Hz,direct,3,0.84,3.09,0
iy-120Hz,direct,4,0.29,1.02,0
iy-120Hz,sos,2,2.79,8.44,0
iy-120Hz,sos,3,0.58,1.43,0
iy-120Hz,sos,4,0.24,0.89,0
iy-180Hz,direct,2,0.7,2.01,0
iy-180Hz,direct,3,0.26,1.11,0
iy-180Hz,direct,4,0.1,0.41,0
iy-180Hz,sos,2,2.98,6.76,0
iy-180Hz,sos,3,0.29,1.05,0
iy-180Hz,sos,4,0.06,0.17,0
iy-250Hz,direct,2,3.4,12.48,1
iy-250Hz,direct,3,1.31,4.84,1
iy-250Hz,direct,4,0.37,1.39,0
iy-250Hz,sos,2,3.5,8.84,0
iy-250Hz,sos,3,0.69,1.74,0
iy-250Hz,sos,4,0.08,0.19,0
iy-330Hz,direct,2,1.2,3.89,0
iy-330Hz,direct,3,0.41,1.33,0
iy-330Hz,direct,4,0.16,0.52,0
iy-330Hz,sos,2,1.81,3.36,0
iy-330Hz,sos,3,0.66,1.31,0
iy-330Hz,sos,4,0.16,0.28,0
iy-400Hz,direct,2,0.16,0.46,0
iy-400Hz,direct,3,0.03,0.07,0
iy-400Hz,direct,4,0.04,0.09,0
iy-400Hz,sos,2,1.03,1.92,0
iy-400Hz,sos,3,0.97,2.18,0
iy-400Hz,sos,4,0.23,0.63,0
uw-50Hz,direct,2,11.87,31.45,1
uw-50Hz,direct,3,5.32,21.99,1
uw-50Hz,direct,4,1.42,5.84,0
uw-50Hz,sos,2,1.2,4.43,0
uw-50Hz,sos,3,0.07,0.22,0
uw-50Hz,sos,4,0.05,0.22,0
uw-80Hz,direct,2,13.15,32.73,1
uw-80Hz,direct,3,10.89,31.51,1
uw-80Hz,direct,4,6.42,22.68,1
uw-80Hz,sos,2,0.84,3.89,0
uw-80Hz,sos,3,0.16,0.48,0
uw-80Hz,sos,4,0.07,0.27,0
uw-120Hz,direct,2,11.74,25.03,1
uw-120Hz,direct,3,9.29,25.19,1
uw-120Hz,direct,4,1.31,4.85,0
uw-120Hz,sos,2,2.48,10.26,0
uw-120Hz,sos,3,0.5,1.77,0
uw-120Hz,sos,4,0.09,0.28,0
uw-180Hz,direct,2,11.67,29.26,1
uw-180Hz,direct,3,3.82,11.11,1
uw-180Hz,direct,4,2.38,6.98,1
uw-180Hz,sos,2,1.95,5.28,0
uw-180Hz,sos,3,0.14,0.29,0
uw-180Hz,sos,4,0.13,0.48,0
uw-250Hz,direct,2,11.55,27.92,1
uw-250Hz,direct,3,7.18,21.78,1
uw-250Hz,direct,4,3.32,10.04,1
uw-250Hz,sos,2,2.1,6.16,0
uw-250Hz,sos,3,0.8,1.9,0
uw-250Hz,sos,4,0.16,0.39,0
uw-330Hz,direct,2,14.85,35.15,1
uw-330Hz,direct,3,8.24,22.9,1
uw-330Hz,direct,4,5.64,15.14,1
uw-330Hz,sos,2,1.83,5.06,0
uw-330Hz,sos,3,0.32,0.96,0
uw-330Hz,sos,4,0.1,0.29,0
uw-400Hz,direct,2,13.29,25.5,1
uw-400Hz,direct,3,5.47,12.07,1
uw-400Hz,direct,4,1.34,3.72,1
uw-400Hz,sos,2,3.92,9.14,0
uw-400Hz,sos,3,0.57,1.45,0
uw-400Hz,sos,4,0.06,0.13,0
