cond,utt,variant,lag,lsd_mean,lsd_median,lsd_p90,lsd_frames,nmr_median,nmr_p90,segsnr_mean,segsnr_median,estoi_ref,estoi_orig,estoi_ref_vs_orig
uq,hts1a,L0,-54,9.5088,8.9135,13.8309,223,-1.9559,5.7756,-3.6811,-3.6804,0.7447,0.5882,0.6070
uq,hts1a,L1,16,8.1569,8.2047,10.9624,221,-3.3947,2.1662,-2.7318,-3.0040,0.8083,0.5892,0.6070
uq,hts1a,L2-1500,16,8.6427,8.4502,11.2528,221,-1.3173,2.9873,-2.9088,-3.2279,0.7841,0.5740,0.6070
uq,hts1a,L2-2000,16,8.4886,8.3720,10.9986,221,-1.9489,2.7134,-2.8240,-3.0857,0.7895,0.5805,0.6070
uq,hts1a,L2-2500,16,8.3903,8.2650,10.9200,221,-2.6519,2.0094,-2.7664,-2.9718,0.7964,0.5851,0.6070
uq,hts1a,L3,32,8.5549,8.2715,11.2513,221,-1.7784,3.0869,-3.2364,-3.4342,0.7912,0.5776,0.6070
uq,hts1a,L4-0.50,31,8.0802,7.8368,10.3889,221,-3.7180,1.1236,-3.0527,-3.2175,0.7871,0.5885,0.6070
uq,hts1a,L4-0.65,31,8.0766,7.7796,10.4594,221,-3.2234,1.6503,-3.0013,-3.1814,0.7933,0.5862,0.6070
uq,hts1a,L4-0.75,31,8.2985,7.9748,10.8480,221,-2.3606,2.3108,-2.9697,-3.1938,0.7940,0.5821,0.6070
uq,hts2a,L0,-6,9.1357,8.5666,12.5540,253,-2.8274,2.5592,-3.0670,-3.5889,0.7687,0.6170,0.5739
uq,hts2a,L1,-10,9.0864,8.7374,12.4930,253,-2.7540,2.3341,-2.0943,-3.0494,0.7703,0.6006,0.5739
uq,hts2a,L2-1500,-17,9.6271,9.2892,12.3943,253,-1.7418,3.1154,-2.8945,-3.1220,0.7363,0.5935,0.5739
uq,hts2a,L2-2000,-16,9.4593,9.1065,12.4617,253,-1.9367,2.7899,-2.7710,-3.1127,0.7475,0.5983,0.5739
uq,hts2a,L2-2500,-16,9.3147,8.9150,12.3550,253,-2.3132,2.3515,-2.7959,-3.0985,0.7543,0.6016,0.5739
uq,hts2a,L3,-29,9.3981,8.9521,12.7157,253,-2.1661,2.9059,-2.8546,-3.1979,0.7084,0.5673,0.5739
uq,hts2a,L4-0.50,-30,9.0142,8.6073,12.0805,253,-3.5541,1.0389,-2.7685,-3.1782,0.6821,0.5741,0.5739
uq,hts2a,L4-0.65,-30,8.9216,8.5404,11.9989,253,-3.3293,1.2347,-2.8173,-3.2525,0.6927,0.5732,0.5739
uq,hts2a,L4-0.75,-29,9.1116,8.7234,12.3234,253,-2.8257,2.0150,-2.8038,-3.1899,0.7040,0.5701,0.5739
uq,ve9qrp_10s,L0,-6,7.9788,7.6531,10.5701,978,-3.7605,0.7251,-3.4356,-3.4259,0.7617,0.5830,0.5311
uq,ve9qrp_10s,L1,-16,7.9409,7.6319,10.6344,978,-3.7736,0.9570,-3.5787,-3.5259,0.7519,0.5832,0.5311
uq,ve9qrp_10s,L2-1500,-17,8.1457,7.8990,10.1461,978,-3.1469,0.6397,-3.5635,-3.5072,0.7359,0.5815,0.5311
uq,ve9qrp_10s,L2-2000,-16,8.0696,7.8083,10.0646,978,-3.3777,0.4274,-3.5460,-3.5016,0.7468,0.5889,0.5311
uq,ve9qrp_10s,L2-2500,-16,8.0177,7.7459,10.1020,978,-3.5554,0.3634,-3.5269,-3.4772,0.7545,0.5931,0.5311
uq,ve9qrp_10s,L3,32,8.0634,7.9923,9.5986,978,-2.7938,0.0847,-3.4788,-3.5055,0.7828,0.5796,0.5311
uq,ve9qrp_10s,L4-0.50,31,7.8352,7.7636,9.4349,978,-4.1044,-1.5247,-3.5146,-3.5486,0.7985,0.5863,0.5311
uq,ve9qrp_10s,L4-0.65,31,7.8042,7.7350,9.3734,978,-3.8245,-1.1707,-3.5151,-3.5422,0.7949,0.5844,0.5311
uq,ve9qrp_10s,L4-0.75,31,7.9160,7.8571,9.4454,978,-3.3294,-0.4960,-3.5129,-3.5513,0.7886,0.5822,0.5311
q1300,hts1a,L0,-45,8.5299,7.9502,12.7064,252,-2.9355,4.7453,-3.1051,-3.2125,0.7953,0.5456,0.5644
q1300,hts1a,L1,31,8.1085,7.9502,10.6491,249,-2.6662,2.2529,-2.9999,-3.3205,0.8206,0.5637,0.5644
q1300,hts1a,L2-1500,30,8.4215,8.2788,10.3878,249,-1.0060,2.4477,-3.1553,-3.5313,0.8101,0.5404,0.5644
q1300,hts1a,L2-2000,30,8.2974,8.1926,10.3065,249,-1.6018,2.1578,-3.1683,-3.5085,0.8154,0.5473,0.5644
q1300,hts1a,L2-2500,31,8.2241,8.0027,10.7364,249,-1.9796,2.0430,-3.0247,-3.4447,0.8209,0.5543,0.5644
q1300,hts1a,L3,17,8.3050,8.3230,10.5587,249,-1.8433,2.0780,-2.9531,-3.1786,0.8120,0.5444,0.5644
q1300,hts1a,L4-0.50,16,7.8125,7.7600,9.7969,249,-4.1466,-0.1898,-2.9937,-3.2983,0.8164,0.5589,0.5644
q1300,hts1a,L4-0.65,16,7.8221,7.7102,9.8103,249,-3.7419,0.3394,-2.9607,-3.2404,0.8195,0.5555,0.5644
q1300,hts1a,L4-0.75,17,8.0461,8.0374,10.2823,249,-2.6801,1.2522,-2.9582,-3.1925,0.8170,0.5500,0.5644
q1300,hts2a,L0,-12,8.5810,8.3672,11.1059,285,-2.6330,1.6409,-3.2283,-3.4695,0.8076,0.5791,0.5759
q1300,hts2a,L1,-21,8.4947,8.2949,11.1887,285,-2.7216,1.6358,-3.2047,-3.3597,0.7963,0.5759,0.5759
q1300,hts2a,L2-1500,-22,8.9402,8.6906,11.0270,285,-1.4522,2.2571,-3.2151,-3.4072,0.7624,0.5480,0.5759
q1300,hts2a,L2-2000,-22,8.7901,8.5963,10.9971,285,-1.8451,2.0599,-3.2182,-3.3662,0.7748,0.5529,0.5759
q1300,hts2a,L2-2500,-22,8.6448,8.4205,10.7998,285,-2.1778,1.7827,-3.2145,-3.3478,0.7872,0.5569,0.5759
q1300,hts2a,L3,-13,8.8875,8.6912,10.8636,285,-1.7721,1.8584,-3.2933,-3.7209,0.7818,0.5545,0.5759
q1300,hts2a,L4-0.50,-14,8.2125,7.9742,10.1682,285,-4.0963,-0.6249,-3.2464,-3.6664,0.7484,0.5557,0.5759
q1300,hts2a,L4-0.65,-14,8.2263,7.9696,10.0639,285,-3.6293,-0.2678,-3.2913,-3.6676,0.7681,0.5565,0.5759
q1300,hts2a,L4-0.75,-13,8.5226,8.3301,10.4229,285,-2.6636,0.8123,-3.2730,-3.7113,0.7808,0.5567,0.5759
q1300,ve9qrp_10s,L0,27,7.7943,7.7845,9.5214,978,-2.9780,0.2747,-3.3858,-3.4503,0.7372,0.5436,0.5159
q1300,ve9qrp_10s,L1,76,7.5118,7.4800,9.2707,979,-3.3799,0.0839,-3.4956,-3.5822,0.7296,0.5407,0.5159
q1300,ve9qrp_10s,L2-1500,76,7.7709,7.7519,9.2807,979,-2.5988,0.1776,-3.5823,-3.6257,0.7223,0.5410,0.5159
q1300,ve9qrp_10s,L2-2000,77,7.6787,7.6651,9.1932,979,-2.9575,-0.1703,-3.5666,-3.5697,0.7332,0.5477,0.5159
q1300,ve9qrp_10s,L2-2500,77,7.6114,7.6095,9.2157,979,-3.2285,-0.1275,-3.5338,-3.5468,0.7407,0.5509,0.5159
q1300,ve9qrp_10s,L3,8,7.7472,7.6869,9.2064,979,-2.9472,-0.2086,-3.3468,-3.4159,0.7128,0.5337,0.5159
q1300,ve9qrp_10s,L4-0.50,8,7.5664,7.5054,9.0210,979,-4.3576,-1.3662,-3.3787,-3.4505,0.7322,0.5454,0.5159
q1300,ve9qrp_10s,L4-0.65,8,7.5218,7.4596,9.0079,979,-3.9978,-1.1393,-3.3630,-3.4272,0.7280,0.5412,0.5159
q1300,ve9qrp_10s,L4-0.75,8,7.6179,7.5592,9.0731,979,-3.3863,-0.6727,-3.3511,-3.4252,0.7205,0.5373,0.5159
