config,family,tier,L,stability,env_mean_db,env_max_db,spur_worst_db,nmr_worst_db,lsd_engine_db,lsd_engine_3utt_db,click_ratio,lsd_sys_db,estoi_orig,crest_delta_db,warpq_ref,warpq_orig,warpq_valid,nisqa_mos,dns_ovrl,mhz_p1,mhz_p2,cost_source,ram_b,flash_b,verdict,latency_note,notes
osc-bank L=20,engine,0,20,by-construction (no feedback),0,0,-94.3,-88.6,4.09,3.69,2.66,,,,,,,,,1.28,23.48,asm-audit,136,1112,winner-P3,"streaming, no OLA; ~frame latency only",P3 winner; transparent to model; phase stage D3 disappears
osc-bank L=40,engine,0,40,by-construction (no feedback),0,0,-94.3,-88.6,4.09,3.69,2.66,,,,,,,,,2.57,40.65,model,256,1112,winner-P3,"streaming, no OLA; ~frame latency only",P3 winner; transparent to model; phase stage D3 disappears
osc-bank L=80,engine,0,80,by-construction (no feedback),0,0,-94.3,-88.6,4.09,3.69,2.66,,,,,,,,,5.14,93.58,asm-audit,496,1112,winner-P3,"streaming, no OLA; ~frame latency only",P3 winner; transparent to model; phase stage D3 disappears
impulse-iir,engine,2,any,by-construction (poles from bitstream-ordered LSP; float),1.17,6.62,-32.5,-8.4,5.67,5.5,2.77,,,,,,,,,0.41,10.76,model,50,800,winner-P1,"streaming, no OLA; ~frame latency only","P1 winner; cost independent of L; quality ceiling is LPC-10 model, not numeric"
impulse-iir-csd-direct-3t,engine,,any,"unstable (67-76% pre-fixup, 3/21 diverged)",,,,,5.98,,2.92,,,,,,,,,0.74,0.74,model,61,900,killed,"streaming, no OLA; ~frame latency only",KILLED: direct-form order-10 cannot carry 2-3-term CSD
impulse-iir-csd-sos (jit),engine,2,any,by-testing (SOS triangle + gamma-retry),1.36,7.48,-32,1.7,5.91,5.99,2.74,,,,,,,,,0.78,0.97,asm-audit,361,900,winner-P2-with-prescriptions,"streaming, no OLA; ~frame latency only","P2 winner-with-prescriptions; 92 cyc/smp static asm + 2100 cyc/subframe; pole pairs NOT free from LSP (cheap conversions cost 3.6-6.2 dB SD) -> bake SOS codebook offline or use G8/lattice. Q15: naive int16 state = tonal limit cycles up to 265 LSB, SNR -7.5 dB @ -48 dBFS; round + >=8 guard bits (int32 state) -> SNR 46-64 dB, idle < 0.4 LSB (q15_idle.csv)"
impulse-iir-csd-sos (interp),engine,2,any,by-testing (SOS triangle + gamma-retry),1.36,7.48,-32,1.7,5.91,5.99,2.74,,,,,,,,,0.78,2.64,asm-audit,91,900,winner-P2-with-prescriptions,"streaming, no OLA; ~frame latency only","P2 winner-with-prescriptions; 308 cyc/smp static asm + 1600 cyc/subframe; pole pairs NOT free from LSP (cheap conversions cost 3.6-6.2 dB SD) -> bake SOS codebook offline or use G8/lattice. Q15: naive int16 state = tonal limit cycles up to 265 LSB, SNR -7.5 dB @ -48 dBFS; round + >=8 guard bits (int32 state) -> SNR 46-64 dB, idle < 0.4 LSB (q15_idle.csv)"
kl-lattice-csd3,engine,2,any,by-construction (|k|<1),1.25,6.96,-32.5,-8.9,5.69,5.52,2.79,,,,,,,,,2.07,1.97,asm-audit,75,1000,contender-P2,"streaming, no OLA; ~frame latency only",CONTENDER P2: best SD per CSD term (0.20 dB med); setup = a->k 10 soft-div/subframe dominates cost; P2 asm-audited round-4 (coverage): model was 2.07
lsp-allpass-csd3,engine,2,any,by-construction (|cos w|<1 + bitstream LSP order),1.43,6.92,-31.6,-7.5,5.75,5.53,2.74,,,,,,,,,1.51,1.86,asm-audit,90,1000,recommended-P2,"streaming, no OLA; ~frame latency only","RECOMMENDED P2 (G8): zero conversion from bitstream (cos LSP as-is), best worst-case NMR on stress; needs LSP interleave gap >=2^-9 in codebook; Q15 twin not yet built (structural argument only); P2 asm-audited round-4 (coverage): model was 1.51"
lsp-allpass-csd2,engine,,any,by-construction,3.85,27.61,-1.2,11.2,7.15,,2.63,,,,,,,,,,,,,,killed,"streaming, no OLA; ~frame latency only","KILLED: 2 terms not enough (env max 27.6, spur -1.2)"
svf-csd3,engine,,any,by-construction (f/q clamp),1.41,7.43,-33.4,-8.3,6.09,,3.83,,,,,,,,,1.24,1.24,model,61,950,killed,"streaming, no OLA; ~frame latency only",KILLED P2: no advantage over lattice/G8; sqrt per section in setup
parallel-sos-csd3,engine,,any,by-testing (gamma-retry),1.26,8,-32.3,-7.5,6.79,,4.23,,,,,,,,,1.99,1.99,model,110,1100,contender (H1 noise carrier),"streaming, no OLA; ~frame latency only",CONTENDER only as H1-noise carrier; residue solve per frame
ks-period-iir,engine,,any,by-construction (float),1.2,6.82,-32.1,-8.3,5.84,,2.72,,,,,,,,,,,,,,killed,"streaming, no OLA; ~frame latency only","KILLED: = impulse-iir computed per period, no win anywhere"
parallel-sos-noise (G3+H1),engine,,any,by-testing (gamma-retry),3.96,28.36,-24.3,2.6,7.73,,4.0,,,,,,no,,,1.99,1.99,model,110,1100,deferred->conditional (see par-noise-2000),"streaming, no OLA; ~frame latency only",cost = parallel-sos-csd3 + LFSR ~3 ops/smp; env/spur/NMR shown for transparency but classic judges have NO jurisdiction (H1); perceptual verdict via par-noise-* rows below
meander-sq L=20,engine,,20,by-construction (feedforward),6.18,42.31,-16.4,19.2,8.53,,4.88,,,,,,,,,0.98,0.98,model,120,700,killed,"streaming, no OLA; ~frame latency only",KILLED: aliasing of naive waves (proven by bl-exact); intelligibility floor only (tri)
meander-sq L=40,engine,,40,by-construction (feedforward),6.18,42.31,-16.4,19.2,8.53,,4.88,,,,,,,,,1.96,1.96,model,240,700,killed,"streaming, no OLA; ~frame latency only",KILLED: aliasing of naive waves (proven by bl-exact); intelligibility floor only (tri)
meander-sq L=80,engine,,80,by-construction (feedforward),6.18,42.31,-16.4,19.2,8.53,,4.88,,,,,,,,,3.93,3.93,model,480,700,killed,"streaming, no OLA; ~frame latency only",KILLED: aliasing of naive waves (proven by bl-exact); intelligibility floor only (tri)
meander-tri L=20,engine,,20,by-construction (feedforward),6.66,40.93,-29.9,17.4,8.43,,3.21,,,,,,,,,1.3,1.3,model,120,700,killed,"streaming, no OLA; ~frame latency only",KILLED: aliasing of naive waves (proven by bl-exact); intelligibility floor only (tri)
meander-tri L=40,engine,,40,by-construction (feedforward),6.66,40.93,-29.9,17.4,8.43,,3.21,,,,,,,,,2.6,2.6,model,240,700,killed,"streaming, no OLA; ~frame latency only",KILLED: aliasing of naive waves (proven by bl-exact); intelligibility floor only (tri)
meander-tri L=80,engine,,80,by-construction (feedforward),6.66,40.93,-29.9,17.4,8.43,,3.21,,,,,,,,,5.21,5.21,model,480,700,killed,"streaming, no OLA; ~frame latency only",KILLED: aliasing of naive waves (proven by bl-exact); intelligibility floor only (tri)
meander-mip-nn L=20,engine,,20,by-construction (feedforward),2.63,30.41,-33.8,8.9,6.25,,3.73,,,,,,,,,1.46,20.5,model,136,2876,killed,"streaming, no OLA; ~frame latency only",defense failed: anti-aliasing brings mul back (wavetable synthesis); mul is back: B*table load; solve setup kept
meander-mip-nn L=40,engine,,40,by-construction (feedforward),2.63,30.41,-33.8,8.9,6.25,,3.73,,,,,,,,,2.92,41,model,256,2876,killed,"streaming, no OLA; ~frame latency only",defense failed: anti-aliasing brings mul back (wavetable synthesis); mul is back: B*table load; solve setup kept
meander-mip-nn L=80,engine,,80,by-construction (feedforward),2.63,30.41,-33.8,8.9,6.25,,3.73,,,,,,,,,5.85,82.01,model,496,2876,killed,"streaming, no OLA; ~frame latency only",defense failed: anti-aliasing brings mul back (wavetable synthesis); mul is back: B*table load; solve setup kept
meander-mip-lin L=20,engine,,20,by-construction (feedforward),1.03,61.56,-53.6,-15.4,5.13,,3.88,,,,,,,,,2.26,40.34,model,136,2976,killed,"streaming, no OLA; ~frame latency only",defense failed: anti-aliasing brings mul back (wavetable synthesis); linear interp adds 2nd mul per basis
meander-mip-lin L=40,engine,,40,by-construction (feedforward),1.03,61.56,-53.6,-15.4,5.13,,3.88,,,,,,,,,4.52,80.68,model,256,2976,killed,"streaming, no OLA; ~frame latency only",defense failed: anti-aliasing brings mul back (wavetable synthesis); linear interp adds 2nd mul per basis
meander-mip-lin L=80,engine,,80,by-construction (feedforward),1.03,61.56,-53.6,-15.4,5.13,,3.88,,,,,,,,,9.05,161.37,model,496,2976,killed,"streaming, no OLA; ~frame latency only",defense failed: anti-aliasing brings mul back (wavetable synthesis); linear interp adds 2nd mul per basis
meander-blep L=20,engine,,20,by-construction (feedforward),2.51,33.98,-25.9,2.6,5.57,,4.24,,,,,,,,,1.82,21.81,model,176,900,killed,"streaming, no OLA; ~frame latency only",defense failed: anti-aliasing brings mul back (wavetable synthesis); f0=200: 21 blep-mults/smp; recips need L soft-divs/frame
meander-blep L=40,engine,,40,by-construction (feedforward),2.51,33.98,-25.9,2.6,5.57,,4.24,,,,,,,,,3.62,42.66,model,336,900,killed,"streaming, no OLA; ~frame latency only",defense failed: anti-aliasing brings mul back (wavetable synthesis); f0=100: 41 blep-mults/smp; recips need L soft-divs/frame
meander-blep L=80,engine,,80,by-construction (feedforward),2.51,33.98,-25.9,2.6,5.57,,4.24,,,,,,,,,7.23,84.35,model,656,900,killed,"streaming, no OLA; ~frame latency only",defense failed: anti-aliasing brings mul back (wavetable synthesis); f0=50: 81 blep-mults/smp; recips need L soft-divs/frame
meander-bl-exact,engine,,any,by-construction (feedforward),0,0,-94.1,-80.6,5.14,,3.94,,,,,,,,,,,,,,posthumous-exoneration (no cheap form),"streaming, no OLA; ~frame latency only","band-limited ideal proves the killer was aliasing (0.00 dB, spurs at window floor); no cheap implementation exists — cost axes empty"
cycle-replay L=20,engine,,20,by-construction (feedforward),0.66,6.75,-31.9,-10.5,4.64,,2.46,,,,,,,,,0.32,6.42,model,176,1312,contender (top-N / high F0 niche),table rebuild burst at frame boundary (setup ~P*L MAC),CONTENDER P1 niche: top-N harmonics or high F0; setup ~P^2/2
cycle-replay L=40,engine,,40,by-construction (feedforward),0.66,6.75,-31.9,-10.5,4.64,,2.46,,,,,,,,,1.04,21.42,model,336,1312,contender (top-N / high F0 niche),table rebuild burst at frame boundary (setup ~P*L MAC),CONTENDER P1 niche: top-N harmonics or high F0; setup ~P^2/2
cycle-replay L=80,engine,,80,by-construction (feedforward),0.66,6.75,-31.9,-10.5,4.64,,2.46,,,,,,,,,3.92,81.42,model,656,1312,contender (top-N / high F0 niche),table rebuild burst at frame boundary (setup ~P*L MAC),CONTENDER P1 niche: top-N harmonics or high F0; setup ~P^2/2
cycle-replay-2x L=20,engine,2,20,by-construction (feedforward),0.17,1.77,-45.3,-20.8,3.88,,2.63,,,,,,,,,0.56,11.42,model,336,1312,contender (top-N / high F0 niche),table rebuild burst at frame boundary (setup ~P*L MAC),best cheap engine by real-speech LSD (3.88); setup 2x table
cycle-replay-2x L=40,engine,2,40,by-construction (feedforward),0.17,1.77,-45.3,-20.8,3.88,,2.63,,,,,,,,,2,41.42,model,656,1312,contender (top-N / high F0 niche),table rebuild burst at frame boundary (setup ~P*L MAC),best cheap engine by real-speech LSD (3.88); setup 2x table
cycle-replay-2x L=80,engine,2,80,by-construction (feedforward),0.17,1.77,-45.3,-20.8,3.88,,2.63,,,,,,,,,7.76,161.42,model,1296,1312,contender (top-N / high F0 niche),table rebuild burst at frame boundary (setup ~P*L MAC),best cheap engine by real-speech LSD (3.88); setup 2x table
cycle-replay-nn L=20,engine,,20,by-construction (feedforward),,,,,4.38,,2.51,,,,,,,,,0.28,5.43,model,176,1212,killed,table rebuild burst at frame boundary (setup ~P*L MAC),KILLED: nearest worse than linear everywhere
cycle-replay-nn L=40,engine,,40,by-construction (feedforward),,,,,4.38,,2.51,,,,,,,,,1,20.43,model,336,1212,killed,table rebuild burst at frame boundary (setup ~P*L MAC),KILLED: nearest worse than linear everywhere
cycle-replay-nn L=80,engine,,80,by-construction (feedforward),,,,,4.38,,2.51,,,,,,,,,3.88,80.43,model,656,1212,killed,table rebuild burst at frame boundary (setup ~P*L MAC),KILLED: nearest worse than linear everywhere
cr-rt-lin L=20,engine,,20,by-construction (feedforward),0.15,2.15,-50.8,-24.7,5.12,,2.82,,,,,,,,,0.77,15.62,model,532,1300,contender-P1-niche (P2 dead),"table rebuild burst (deadband does NOT amortise: 91% harmonics update per frame, measured)","defense half-won: env 0.15/2.15 on grid but LSD 5.12 on speech; P2 dead, P1 top-N niche only. Nt=128, measured 91% harmonics update/frame"
cr-rt-lin L=40,engine,,40,by-construction (feedforward),0.15,2.15,-50.8,-24.7,5.12,,2.82,,,,,,,,,2.87,59.39,model,1044,1300,contender-P1-niche (P2 dead),"table rebuild burst (deadband does NOT amortise: 91% harmonics update per frame, measured)","defense half-won: env 0.15/2.15 on grid but LSD 5.12 on speech; P2 dead, P1 top-N niche only. Nt=256, measured 91% harmonics update/frame"
cr-rt-lin L=80,engine,,80,by-construction (feedforward),0.15,2.15,-50.8,-24.7,5.12,,2.82,,,,,,,,,11.28,234.5,model,2068,1300,contender-P1-niche (P2 dead),"table rebuild burst (deadband does NOT amortise: 91% harmonics update per frame, measured)","defense half-won: env 0.15/2.15 on grid but LSD 5.12 on speech; P2 dead, P1 top-N niche only. Nt=512, measured 91% harmonics update/frame"
cr-rt-lin-sym L=20,engine,,20,by-construction (feedforward),0.15,2.15,-50.8,-24.7,5.12,,2.82,,,,,,,,,0.42,8.32,model,532,1400,contender-P1-niche (P2 dead),"table rebuild burst (deadband does NOT amortise: 91% harmonics update per frame, measured)","defense half-won: env 0.15/2.15 on grid but LSD 5.12 on speech; P2 dead, P1 top-N niche only. half-table odd/even split: setup /2, +2 ops/smp replay"
cr-rt-lin-sym L=40,engine,,40,by-construction (feedforward),0.15,2.15,-50.8,-24.7,5.12,,2.82,,,,,,,,,1.47,30.21,model,1044,1400,contender-P1-niche (P2 dead),"table rebuild burst (deadband does NOT amortise: 91% harmonics update per frame, measured)","defense half-won: env 0.15/2.15 on grid but LSD 5.12 on speech; P2 dead, P1 top-N niche only. half-table odd/even split: setup /2, +2 ops/smp replay"
cr-rt-lin-sym L=80,engine,,80,by-construction (feedforward),0.15,2.15,-50.8,-24.7,5.12,,2.82,,,,,,,,,5.68,117.76,model,2068,1400,contender-P1-niche (P2 dead),"table rebuild burst (deadband does NOT amortise: 91% harmonics update per frame, measured)","defense half-won: env 0.15/2.15 on grid but LSD 5.12 on speech; P2 dead, P1 top-N niche only. half-table odd/even split: setup /2, +2 ops/smp replay"
REF phase0 q1300 (anchor),anchor,0,,,,,,,,,,9.233,0.552,0.014,,2.093,yes,,,,,,,,anchor,IFFT+OLA: frame + overlap latency,codec2's own phase0 decode vs original: quality ceiling of the codec itself; needs FFT infra (P3-class)
tube-L0,system-rung,2,any,by-construction (G8 cos-LSP data path; int32 state w/ guard bits per budgets.yaml),,,,,,,,7.982,0.556,1.418,1.739,2.213,yes,1.754,2.687,0.461,0.837,model (cumulative worst-F0 deltas),50,800,measured rung,"streaming, no OLA","cumulative ladder L0; quality = tube-ladder q1300, 3 utts vs codec2 phase0 ref"
tube-L1,system-rung,2,any,by-construction (G8 cos-LSP data path; int32 state w/ guard bits per budgets.yaml),,,,,,,,7.916,0.56,1.431,1.739,2.191,yes,1.798,2.747,0.669,1.253,model (cumulative worst-F0 deltas),302,990,measured rung,streaming; L1 adds 65-tap dispersion stamp (8 ms @ 8 kHz),"cumulative ladder L0+L1; quality = tube-ladder q1300, 3 utts vs codec2 phase0 ref"
tube-L2-1500,system-rung,2,any,by-construction (G8 cos-LSP data path; int32 state w/ guard bits per budgets.yaml),,,,,,,,8.289,0.543,0.72,1.9,2.295,no,2.005,2.604,0.965,1.837,model (cumulative worst-F0 deltas),318,1568,measured rung,streaming; L1 adds 65-tap dispersion stamp (8 ms @ 8 kHz),"cumulative ladder L0+L1+L2; quality = tube-ladder q1300, 3 utts vs codec2 phase0 ref; WARP-Q N/A for verdicts: intentional shaped noise (H1 jurisdiction), raw value kept for transparency"
tube-L2-2000,system-rung,2,any,by-construction (G8 cos-LSP data path; int32 state w/ guard bits per budgets.yaml),,,,,,,,8.164,0.549,1.046,1.826,2.248,no,2.145,2.722,0.965,1.837,model (cumulative worst-F0 deltas),318,1568,measured rung,streaming; L1 adds 65-tap dispersion stamp (8 ms @ 8 kHz),"cumulative ladder L0+L1+L2; quality = tube-ladder q1300, 3 utts vs codec2 phase0 ref; WARP-Q N/A for verdicts: intentional shaped noise (H1 jurisdiction), raw value kept for transparency"
tube-L2-2500,system-rung,2,any,by-construction (G8 cos-LSP data path; int32 state w/ guard bits per budgets.yaml),,,,,,,,8.057,0.554,1.278,1.784,2.217,no,2.096,2.77,0.965,1.837,model (cumulative worst-F0 deltas),318,1568,measured rung,streaming; L1 adds 65-tap dispersion stamp (8 ms @ 8 kHz),"cumulative ladder L0+L1+L2; quality = tube-ladder q1300, 3 utts vs codec2 phase0 ref; WARP-Q N/A for verdicts: intentional shaped noise (H1 jurisdiction), raw value kept for transparency"
tube-L3,system-rung,2,any,by-construction (G8 cos-LSP data path; int32 state w/ guard bits per budgets.yaml),,,,,,,,8.269,0.544,0.943,1.862,2.285,no,2.172,2.706,0.969,1.842,model (cumulative worst-F0 deltas),318,1568,measured rung,streaming; L1 adds 65-tap dispersion stamp (8 ms @ 8 kHz),"cumulative ladder L0+L1+L2+L3; quality = tube-ladder q1300, 3 utts vs codec2 phase0 ref; WARP-Q N/A for verdicts: intentional shaped noise (H1 jurisdiction), raw value kept for transparency"
tube-L4-0.50,system-rung,1,any,by-construction (G8 cos-LSP data path; int32 state w/ guard bits per budgets.yaml),,,,,,,,7.802,0.553,0.532,1.832,2.277,no,2.473,2.723,1.722,3.348,model (cumulative worst-F0 deltas),402,2868,tier-1 knee,streaming; L1 adds 65-tap dispersion stamp (8 ms @ 8 kHz),"cumulative ladder L0+L1+L2+L3+L4; quality = tube-ladder q1300, 3 utts vs codec2 phase0 ref; WARP-Q N/A for verdicts: intentional shaped noise (H1 jurisdiction), raw value kept for transparency"
tube-L4-0.65,system-rung,1,any,by-construction (G8 cos-LSP data path; int32 state w/ guard bits per budgets.yaml),,,,,,,,7.804,0.551,0.56,1.818,2.262,no,2.414,2.743,1.722,3.348,model (cumulative worst-F0 deltas),402,2868,tier-1 knee,streaming; L1 adds 65-tap dispersion stamp (8 ms @ 8 kHz),"cumulative ladder L0+L1+L2+L3+L4; quality = tube-ladder q1300, 3 utts vs codec2 phase0 ref; WARP-Q N/A for verdicts: intentional shaped noise (H1 jurisdiction), raw value kept for transparency"
tube-L4-0.75,system-rung,1,any,by-construction (G8 cos-LSP data path; int32 state w/ guard bits per budgets.yaml),,,,,,,,8.019,0.548,0.739,1.828,2.265,no,2.29,2.726,1.722,3.348,model (cumulative worst-F0 deltas),402,2868,tier-1 knee,streaming; L1 adds 65-tap dispersion stamp (8 ms @ 8 kHz),"cumulative ladder L0+L1+L2+L3+L4; quality = tube-ladder q1300, 3 utts vs codec2 phase0 ref; WARP-Q N/A for verdicts: intentional shaped noise (H1 jurisdiction), raw value kept for transparency"
tube-rec-P1 (L0+L1+L2.5k+L4),system-rec,1,any,by-construction (as tube rungs),,,,,,,,7.672,0.568,0.766,,,,2.312,2.728,1.718,,model (derived sum),402,2868,recommended (tier-1 knee),as tube-L4,"tube-ladder P1 recommendation; exact subset measured round-4 (coverage knees: q1300, 3 utts, classic + neural)"
tube-rec-P2 (L0+L2.5k+L4),system-rec,1,any,by-construction (as tube rungs),,,,,,,,7.71,0.563,0.555,,,,2.381,2.798,,2.927,model (derived sum),150,2678,recommended (tier-1 knee),"streaming, no dispersion FIR","tube-ladder P2 recommendation (no L1); exact subset measured round-4 (coverage knees); neural judges see NO consistent loss vs the P1 knee (NISQA-MOS mean 2.38 vs 2.31, sign flips per utt; DNSMOS slightly prefers P2 on all 3 utts)"
par-plain,variant,,any,by-testing (gamma-retry),,,,,,,,8.578,0.535,1.349,2.008,,yes,1.507,2.609,1.99,1.99,"model (mapped, float golden measured)",,,baseline for G3 A/B,"streaming, no OLA; ~frame latency only","parallel SOS, all-impulse excitation (float form of parallel-sos-csd3); cost = parallel-sos-csd3 model row; quality vs q1300 phase0 ref (metrics-adequacy stand)"
par-noise-2000,variant,,any,by-testing (gamma-retry),,,,,,,,9.293,0.501,0.85,2.175,,no,1.643,2.499,1.99,1.99,"model (mapped, float golden measured)",,,conditionally-confirmed (ears pending),"streaming, no OLA; ~frame latency only",G3+H1 fc=2000: CONDITIONALLY CONFIRMED comfort-noise carrier (NISQA +0.58 MOS on low-male-F0 buzz; ~0 on female; DNSMOS against on noisy rec); cost = parallel-sos-csd3 + LFSR ~3 ops/smp; quality vs q1300 phase0 ref (metrics-adequacy stand)
par-noise-1000,variant,,any,by-testing (gamma-retry),,,,,,,,9.617,0.467,-0.009,2.349,,no,1.381,2.352,1.99,1.99,"model (mapped, float golden measured)",,,killed,"streaming, no OLA; ~frame latency only",G3+H1 fc=1000: KILLED by all judges at once (ESTOI -0.07); quality vs q1300 phase0 ref (metrics-adequacy stand)
smooth-mix-800,variant,2,any,by-construction (as tube rungs),,,,,,,,8.552,0.528,-0.15,1.983,,no,1.698,2.185,0.757,1.421,"model (mapped, float golden measured)",,,measured variant,"streaming, no OLA; ~frame latency only",tube rung-2 with generous noise share (fc=800); cost = L0+L2 cumulative; quality vs q1300 phase0 ref (metrics-adequacy stand)
smooth-mix-1500,variant,2,any,by-construction (as tube rungs),,,,,,,,8.289,0.543,0.72,1.905,,no,2.005,2.629,0.757,1.421,"model (mapped, float golden measured)",,,measured variant,"streaming, no OLA; ~frame latency only",tube rung-2 with generous noise share (fc=1500); NISQA_dis 3.41 vs 2.72 of par-noise-2000 — beats G3-form at lower cost; quality vs q1300 phase0 ref (metrics-adequacy stand)
