utt,point,etype,level,lsd_mean,lsd_median,lsd_p90,lsd_frames,nmr_median,nmr_p90,segsnr_mean,segsnr_median,crest_delta_median,crest_delta_p90,estoi_orig
hts1a,CLEAN,-,0,0,0,0,271,-inf,nan,35,35,-1.0658e-14,-1.7764e-15,0.55845
hts1a,CLEAN2,-,0,5.7735,5.5427,7.9266,271,-8.595,-3.7509,13.145,15.549,0.017992,0.683,0.55313
hts1a,coslsp,white,0.0001,0.064053,0.035348,0.14205,271,-51.209,-42.056,34.941,35,-0.0007865,0.023508,0.55815
hts1a,coslsp,white,0.0004,0.24543,0.13927,0.57559,271,-39.195,-29.78,31.449,33.306,-0.0027161,0.09648,0.55711
hts1a,coslsp,white,0.0016,0.90381,0.55954,1.9628,271,-26.975,-17.667,21.202,21.318,-0.010398,0.3649,0.5512
hts1a,coslsp,white,0.0064,2.8894,2.2832,5.2856,271,-14.796,-5.6453,8.7508,9.6518,-0.081449,1.0276,0.47572
hts1a,coslsp,white,0.0256,16.752,7.589,45.898,271,0.11485,47.618,-3.9186,-5.236,-2.3413,1.7152,0.11127
hts1a,coslsp,white,0.1024,47.91,47.526,69.879,271,49.436,72.074,-10,-10,-11.013,-8.3133,0.11087
hts1a,coslsp,framemod,0.0001,0.090941,0.045018,0.16871,271,-50.025,-40.01,34.673,35,0.00021858,0.0281,0.55858
hts1a,coslsp,framemod,0.0004,0.32302,0.18056,0.66998,271,-37.968,-27.993,30.215,31.773,0.00078721,0.12097,0.55856
hts1a,coslsp,framemod,0.0016,1.1325,0.71528,2.5122,271,-25.992,-15.862,19.773,19.642,0.0027945,0.477,0.55154
hts1a,coslsp,framemod,0.0064,3.4169,2.7274,6.7987,271,-13.767,-4.3214,7.8471,8.1945,-0.012762,1.4347,0.46063
hts1a,coslsp,framemod,0.0256,16.434,9.6955,38.07,271,5.6564,40.731,-4.8207,-9.8926,-2.8135,1.6157,0.10519
hts1a,coslsp,framemod,0.1024,42.791,41.44,64.048,271,44.991,68.065,-9.9124,-10,-10.33,-6.71,0.16437
hts1a,coslsp,dc,0.0001,0.056428,0.031086,0.10652,271,-50.178,-44.027,34.913,35,0.00036646,0.014897,0.55878
hts1a,coslsp,dc,0.0004,0.22465,0.12446,0.44924,271,-38.071,-31.969,30.694,32.121,0.0026727,0.059725,0.55978
hts1a,coslsp,dc,0.0016,0.79107,0.51257,1.5438,271,-25.786,-20.576,19.565,20.041,0.012373,0.21357,0.56399
hts1a,coslsp,dc,0.0064,2.4975,2.0556,4.7467,271,-14.157,-8.805,7.6933,7.6578,0.0003717,0.60775,0.57066
hts1a,coslsp,dc,0.0256,8.4405,7.911,13.314,271,-3.1556,1.2858,-2.5175,-2.622,-0.56048,1.2027,0.44819
hts1a,coslsp,dc,0.1024,22.615,18.669,39.282,271,3.7555,34.198,-9.0266,-10,-9.1763,-4.6,0.11774
hts1a,coslsp,worst,0.0001,0.053507,0.024928,0.11149,271,-51.829,-40.587,34.95,35,-0.018185,0.0013789,0.5578
hts1a,coslsp,worst,0.0004,0.2077,0.098684,0.45969,271,-39.815,-28.39,31.296,32.672,-0.073406,0.0059385,0.55571
hts1a,coslsp,worst,0.0016,0.84059,0.42569,2.0675,271,-27.835,-16.452,20.27,20.499,-0.31016,0.049146,0.54512
hts1a,coslsp,worst,0.0064,3.6177,1.8842,8.4746,271,-15.103,-2.8288,6.7381,8.1339,-1.6705,0.23542,0.48203
hts1a,coslsp,worst,0.0256,9.5846,7.7715,16.727,271,-1.85,21.723,-4.2241,-4.6129,-4.2448,-0.062568,0.29207
hts1a,coslsp,worst,0.1024,21.867,18.826,37.342,271,24.999,49.925,-9.052,-10,-4.7575,-1.4851,0.31546
hts1a,state,white,0.25,0.038191,0.0086833,0.11658,271,-66.899,-43.985,35,35,-3.451e-05,0.0011109,0.55844
hts1a,state,white,1,0.15375,0.034713,0.45117,271,-54.858,-32.022,34.083,35,-0.00012204,0.0045743,0.5584
hts1a,state,white,4,0.54945,0.13891,1.6365,271,-42.824,-19.949,30.577,35,-0.00053176,0.017804,0.55823
hts1a,state,white,16,1.6073,0.55712,4.89,271,-30.759,-8.1255,24.432,28.586,-0.0034492,0.064026,0.55723
hts1a,state,white,64,3.9198,2.1767,10.407,271,-18.851,4.8693,15.102,16.51,-0.031634,0.14802,0.55169
hts1a,state,white,256,8.2593,5.4227,20.3,271,-7.4031,18.649,5.1405,4.2945,-0.1073,0.4365,0.53104
hts1a,state,framemod,0.25,0.053771,0.012956,0.15797,271,-63.99,-40.75,34.998,35,2.7842e-05,0.0019091,0.55847
hts1a,state,framemod,1,0.20701,0.052202,0.61976,271,-51.938,-28.668,33.536,35,0.00011124,0.0076748,0.55853
hts1a,state,framemod,4,0.72638,0.21495,2.3286,271,-39.856,-16.545,29.395,35,0.00027005,0.030528,0.55872
hts1a,state,framemod,16,2.0603,0.82152,6.1674,271,-27.652,-4.8451,22.479,24.942,0.0007941,0.099112,0.55875
hts1a,state,framemod,64,4.8277,2.719,12.976,271,-15.855,8.7871,12.516,13.169,-0.016355,0.32063,0.55284
hts1a,state,framemod,256,9.8395,6.8229,23.559,271,-3.9577,22.121,2.9132,0.91593,-0.13076,0.74549,0.51578
hts1a,state,dc,0.25,0.036539,0.0038097,0.090973,271,-76.441,-49.536,33.495,35,0.00045089,0.0070498,0.55843
hts1a,state,dc,1,0.14631,0.014982,0.34826,271,-64.401,-37.394,30.317,35,0.0018012,0.027311,0.55839
hts1a,state,dc,4,0.41259,0.056285,1.1779,271,-52.363,-25.013,25.884,35,0.0063946,0.098087,0.55818
hts1a,state,dc,16,1.1735,0.18518,3.2923,271,-40.335,-15.203,19.68,27.66,0.016215,0.14158,0.55782
hts1a,state,dc,64,2.6209,0.81672,6.8764,271,-28.591,-3.9746,12.604,15.643,0.028842,0.22286,0.55767
hts1a,state,dc,256,5.5668,3.1065,14.086,271,-16.524,9.7498,5.0196,3.3718,-0.031473,0.35898,0.55178
hts1a,pulsepos,white,0.03125,0.085674,0.053053,0.15171,271,-50.041,-43.288,34.826,35,-1.8208e-14,0.015031,0.5585
hts1a,pulsepos,white,0.125,0.36694,0.21719,0.71571,271,-37.933,-30.855,33.007,35,9.8055e-13,0.089041,0.55703
hts1a,pulsepos,white,0.5,1.3789,0.84071,4.0733,271,-25.611,-11.822,24.582,26.105,-1.8208e-14,0.30295,0.55794
hts1a,pulsepos,white,2,3.1326,3.5971,5.6822,271,-12.695,-7.938,15.061,11.077,-1.7319e-14,0.4382,0.56163
hts1a,pulsepos,white,8,3.5468,4.1653,5.9642,271,-10.778,-6.9644,10.182,4.5932,-3.908e-14,0.61028,0.54828
hts1a,pulsepos,qround,0.03125,0.81654,0.13135,1.5568,271,-43.031,-22.71,30.452,35,9.7902e-11,0.10639,0.56033
hts1a,pulsepos,qround,0.125,2.0041,0.73987,5.7829,271,-28.298,-7.1368,22.237,26.102,1.1917e-11,0.40991,0.55801
hts1a,pulsepos,qround,0.5,2.9157,2.7086,5.6588,271,-15.34,-7.4802,15.191,14.305,1.6539e-08,0.78176,0.55566
hts1a,pulsepos,qround,2,4.0793,4.3992,6.8904,271,-10.211,-5.5924,10.338,4.6431,0.028127,1.0408,0.56006
hts1a,pulsepos,qround,8,4.8173,5.2108,8.4338,271,-7.9021,-2.0022,6.027,-1.916,-1.8208e-14,1.1927,0.5717
hts1a,pulsepos,qtrunc,0.03125,1.9628,1.1721,5.194,271,-24.408,-8.484,22.271,25.626,3.5516e-11,0.35258,0.55527
hts1a,pulsepos,qtrunc,0.125,3.1185,3.718,6.0435,271,-12.737,-7.5842,14.012,10.824,3.5705e-13,0.51399,0.5621
hts1a,pulsepos,qtrunc,0.5,3.6894,4.2118,6.5307,271,-10.912,-6.2347,10.559,4.7125,-2.0428e-14,0.76219,0.55333
hts1a,pulsepos,qtrunc,2,4.6471,5.1078,8.2683,271,-8.3071,-3.4524,6.2857,-2.1548,1.3601e-07,1.0691,0.55924
hts1a,pulsepos,qtrunc,8,5.083,5.221,8.6748,271,-7.3828,-2.2323,5.403,-2.2406,-1.954e-14,1.3272,0.54717
hts1a,log2e,white,0.002,0.013575,0.011603,0.023662,271,-60.954,-54.454,35,35,-0.00028113,0.0065552,0.55844
hts1a,log2e,white,0.008,0.054146,0.046196,0.094834,271,-48.9,-42.415,35,35,-0.0010973,0.026921,0.55841
hts1a,log2e,white,0.032,0.2162,0.18447,0.3992,271,-36.792,-30.263,33.513,34.989,-0.0024425,0.107,0.55824
hts1a,log2e,white,0.128,0.82242,0.71582,1.4014,271,-24.686,-18.047,23.901,22.975,0.0036238,0.41984,0.557
hts1a,log2e,white,0.512,2.8907,2.6839,4.9133,271,-13.122,-5.967,12.016,11.266,0.18251,1.5099,0.53654
hts1a,log2e,framemod,0.002,0.020787,0.016533,0.030365,271,-58.408,-57.086,35,35,-0.00064381,0.01114,0.55844
hts1a,log2e,framemod,0.008,0.082383,0.066155,0.11967,271,-46.35,-45.059,35,35,-0.0023906,0.044342,0.55839
hts1a,log2e,framemod,0.032,0.32621,0.2607,0.45336,271,-34.329,-32.942,33.031,33.035,-0.0071324,0.17415,0.55818
hts1a,log2e,framemod,0.128,1.163,1.0221,1.6041,271,-22.276,-20.863,21.035,20.984,0.0033569,0.66599,0.55684
hts1a,log2e,framemod,0.512,3.8341,3.5591,4.7688,271,-10.524,-7.6927,8.8897,8.7676,0.60494,1.9701,0.54248
hts1a,log2e,dc,0.002,0.012041,0.012041,0.012041,271,-57.157,-57.157,35,35,-1.2434e-14,0,0.55845
hts1a,log2e,dc,0.008,0.048165,0.048165,0.048165,271,-45.098,-45.098,35,35,-1.2434e-14,0,0.55845
hts1a,log2e,dc,0.032,0.19266,0.19266,0.19266,271,-32.984,-32.984,32.984,32.984,-1.2434e-14,0,0.55845
hts1a,log2e,dc,0.128,0.77064,0.77064,0.77064,271,-20.651,-20.651,20.651,20.651,-1.2434e-14,0,0.55845
hts1a,log2e,dc,0.512,3.2385,3.0825,3.0825,271,-7.4113,-7.4113,7.4343,7.4113,-1.2434e-14,0,0.56211
hts1a,mixfc,dc,0.0025,0.040508,0.034792,0.072509,271,-55.021,-51.05,35,35,0.00090901,0.012853,0.55861
hts1a,mixfc,dc,0.01,0.1607,0.14088,0.30132,271,-43.003,-39.039,34.934,35,0.0034847,0.05074,0.55908
hts1a,mixfc,dc,0.04,0.59449,0.57214,1.1233,271,-31.049,-27.123,31.897,34.182,0.012171,0.18585,0.56107
hts1a,mixfc,dc,0.16,1.8924,2.0341,3.0554,271,-19.364,-15.45,22.972,22.786,0.02765,0.69668,0.56891
hts1a,mixfc,dc,0.64,3.7608,4.0666,5.7372,271,-12.363,-8.3963,16.821,15.709,0.060578,1.1106,0.5769
hts1a,mixfc,white,0.0025,0.040116,0.028245,0.086973,271,-56.573,-48.162,35,35,-3.908e-14,0.0055855,0.55839
hts1a,mixfc,white,0.01,0.15384,0.11316,0.34756,271,-44.522,-36.15,34.935,35,-4.9738e-14,0.022051,0.5582
hts1a,mixfc,white,0.04,0.57031,0.45925,1.2778,271,-32.482,-24.18,32.544,35,-7.1054e-14,0.080668,0.55743
hts1a,mixfc,white,0.16,1.7885,1.7078,3.5399,271,-20.392,-13,24.663,24.129,-1.695e-10,0.27316,0.55431
hts1a,mixfc,white,0.64,4.1299,4.3827,7.3075,271,-10.767,-3.845,13.814,12.659,-0.0060482,0.51204,0.53737
hts1a,mixnf,dc,0.25,0.15072,0.15041,0.2386,271,-40.595,-36.103,34.982,35,-0.00088868,0.0059279,0.55808
hts1a,mixnf,dc,1,0.57487,0.6082,0.95344,271,-28.112,-23.665,33.987,35,-0.0035722,0.023879,0.55692
hts1a,mixnf,dc,4,2.1429,2.4561,3.2204,271,-14.257,-9.9325,26.989,27.552,-0.0095753,0.10692,0.55158
hts1a,mixnf,dc,16,8.833,10.466,12.293,271,5.8175,9.9154,10.54,7.8287,-0.24199,0.55549,0.53065
hts1a,mixnf,white,0.25,0.13328,0.10164,0.26721,271,-44.623,-36.856,35,35,0.00018071,0.0076319,0.55824
hts1a,mixnf,white,1,0.49132,0.40898,1.0491,271,-32.748,-24.312,34.48,35,0.00047634,0.029778,0.55734
hts1a,mixnf,white,4,1.6325,1.5593,3.4002,271,-21.759,-11.893,30.1,32.512,0.0012424,0.11768,0.55081
hts1a,mixnf,white,16,5.4955,4.088,12.236,271,-11.639,8.6752,19.543,20.846,-9.5923e-14,0.40762,0.50437
hts1a,wo,white,0.0005,0.81298,0.33538,1.8935,271,-34.857,-20.664,29.446,35,-2.7089e-14,0.17495,0.55803
hts1a,wo,white,0.002,2.0595,1.3683,4.9223,271,-22.168,-8.7169,21.374,22.218,-4.885e-14,0.37913,0.55279
hts1a,wo,white,0.008,3.1652,3.6344,5.6298,271,-12.43,-8.1114,14.031,9.8877,9.4706e-12,0.61105,0.56446
hts1a,wo,white,0.032,4.0497,4.463,7.072,271,-9.7456,-5.458,7.1801,0.30823,1.2348e-05,0.83439,0.55586
hts1a,wo,white,0.128,4.9362,5.3906,8.5753,271,-7.5373,-2.5904,5.6003,-1.789,4.2337e-05,1.4203,0.55637
hts1a,wo,dc,0.0005,2.7714,3.02,5.6767,271,-14.98,-8.084,15.909,12.309,-2.0872e-14,0.43397,0.55561
hts1a,wo,dc,0.002,3.6657,4.2032,6.3917,271,-11.043,-6.7295,10.457,5.133,-3.4317e-10,0.50888,0.55323
hts1a,wo,dc,0.008,4.596,4.9018,7.9784,271,-8.9511,-4.3272,6.5781,-0.48251,-7.1798e-05,1.0017,0.56687
hts1a,wo,dc,0.032,4.9719,5.2355,8.7268,271,-8.0409,-3.4397,5.3313,-2.4746,-0.00030696,1.1183,0.56734
hts1a,wo,dc,0.128,5.0945,5.3989,8.5736,271,-7.1195,-1.3886,5.1769,-2.308,-0.20267,0.7487,0.52041
hts1a,wo,framemod,0.0005,1.285,0.36533,5.1429,271,-33.738,-8.1745,27.944,35,-2.931e-14,0.1921,0.55787
hts1a,wo,framemod,0.002,2.3585,1.6551,5.8282,271,-21.159,-7.2489,19.577,21.39,-1.5543e-14,0.31922,0.55428
hts1a,wo,framemod,0.008,3.6936,4.1448,6.4663,271,-11.458,-6.7999,12.24,9.3384,6.4659e-13,0.61325,0.56011
hts1a,wo,framemod,0.032,4.3907,4.8686,7.03,271,-9.1033,-5.3384,7.1073,0.42149,0.00052688,0.84994,0.55685
hts1a,wo,framemod,0.128,4.7524,5.366,7.6686,271,-7.6318,-3.5719,5.1298,-2.1925,0.0014465,1.4338,0.53863
hts1a,lsphz,white,0.5,0.099877,0.063292,0.19901,271,-47.106,-40.162,34.889,35,0.0013024,0.038904,0.55861
hts1a,lsphz,white,2,0.37615,0.25253,0.77474,271,-35.07,-28.2,30.451,31.178,0.0032324,0.14956,0.55893
hts1a,lsphz,white,8,1.3458,1.0128,2.7417,271,-23.009,-16.287,18.934,19.022,0.026614,0.57175,0.55748
hts1a,lsphz,white,32,4.1412,3.4819,6.5291,271,-11.148,-3.9008,6.6336,7.4204,0.087631,1.8262,0.48324
hts1a,lsphz,white,128,33.585,34.414,58.379,271,36.843,62.788,-8.3489,-10,-9.8508,-1.528,0.12496
hts1a,lsphz,dc,0.5,0.076798,0.045861,0.13019,271,-47.531,-42.249,34.895,35,0.0027495,0.02214,0.55816
hts1a,lsphz,dc,2,0.2905,0.18235,0.51672,271,-35.512,-30.193,29.815,30.289,0.010328,0.086901,0.55732
hts1a,lsphz,dc,8,1.0107,0.71491,1.8391,271,-23.385,-17.982,17.989,18.355,0.045705,0.33594,0.55434
hts1a,lsphz,dc,32,3.1323,2.6939,5.0793,271,-11.264,-6.0888,6.686,6.6437,0.22723,1.1206,0.54136
hts1a,lsphz,dc,128,8.5418,8.4565,10.795,271,2.0972,6.778,-1.4019,-1.8529,0.66541,2.2619,0.41849
hts1a,lsphz,worst,0.5,0.068224,0.043775,0.13146,271,-48.069,-39.549,34.938,35,-0.020225,0.0058236,0.5577
hts1a,lsphz,worst,2,0.26871,0.1775,0.52469,271,-35.932,-27.294,30.013,30.611,-0.082831,0.025152,0.55524
hts1a,lsphz,worst,8,1.0833,0.72704,2.3458,271,-23.568,-14.881,17.604,18.31,-0.37469,0.090512,0.54222
hts1a,lsphz,worst,32,4.7093,3.5925,9.8016,271,-10.219,-1.0455,3.3472,5.4849,-2.0191,0.085504,0.44545
hts1a,lsphz,worst,128,16.315,14.139,27.165,271,16.468,34.289,-7.846,-10,-5.0102,-1.3358,0.22646
hts1a,edb,white,0.05,0.042237,0.034868,0.081113,271,-48.841,-41.007,35,35,3.078e-09,0.0076078,0.55813
hts1a,edb,white,0.2,0.16815,0.13966,0.32375,271,-36.753,-29.047,33.342,35,2.1197e-08,0.035756,0.5571
hts1a,edb,white,0.8,0.66929,0.5579,1.2801,271,-24.704,-16.55,24.581,24.155,4.7746e-07,0.20085,0.55188
hts1a,edb,white,3.2,2.6121,2.128,4.9956,271,-12.107,-4.5882,13.019,11.898,9.2342e-06,0.71616,0.5299
hts1a,edb,white,12.8,10.172,8.1134,20.543,271,-2.1445,16.659,1.3368,1.5381,5.036e-07,1.7058,0.3702
hts1a,edb,dc,0.05,0.05,0.05,0.05,271,-44.772,-44.772,35,35,-1.2879e-14,0,0.55845
hts1a,edb,dc,0.2,0.2,0.2,0.2,271,-32.655,-32.655,32.655,32.655,-1.2434e-14,0,0.55845
hts1a,edb,dc,0.8,0.8,0.8,0.8,271,-20.311,-20.311,20.311,20.311,-1.2434e-14,0,0.55845
hts1a,edb,dc,3.2,3.3707,3.2,3.2,271,-7.0242,-7.0242,7.0499,7.0242,-1.0658e-14,0,0.56297
hts1a,edb,dc,12.8,13.491,12.8,15.625,271,10.54,12.506,-9.6586,-10,-1.0658e-14,5.3291e-16,0.52251
hts2a,CLEAN,-,0,0,0,0,293,-inf,nan,35,35,-5.3291e-15,-1.7764e-15,0.56835
hts2a,CLEAN2,-,0,5.6648,5.5128,7.961,293,-8.5608,-3.5364,14.713,18.496,-0.0044161,0.88297,0.57746
hts2a,coslsp,white,0.0001,0.076332,0.047894,0.15819,293,-50.352,-42.258,34.972,35,-0.0019429,0.017666,0.56829
hts2a,coslsp,white,0.0004,0.29498,0.18743,0.63325,293,-38.366,-30.245,31.658,32.845,-0.005997,0.075402,0.5679
hts2a,coslsp,white,0.0016,1.0684,0.75129,2.3853,293,-26.203,-18.107,21.098,20.672,-0.018035,0.30924,0.56348
hts2a,coslsp,white,0.0064,3.3997,2.4653,6.8809,293,-14.297,-4.871,8.7491,8.5907,-0.029143,1.2214,0.50191
hts2a,coslsp,white,0.0256,19.116,9.6996,42.634,293,3.8468,43.134,-4.9513,-10,-1.3751,2.0143,0.13712
hts2a,coslsp,white,0.1024,48.657,44.805,70.141,293,45.725,72.681,-10,-10,-7.9568,-6.3121,0.12068
hts2a,coslsp,framemod,0.0001,0.10227,0.063546,0.25411,293,-47.777,-39.412,34.769,35,-0.0020012,0.017825,0.56814
hts2a,coslsp,framemod,0.0004,0.39228,0.24531,0.90399,293,-35.819,-27.67,30.046,30.922,-0.0085703,0.074335,0.56704
hts2a,coslsp,framemod,0.0016,1.3477,0.97797,2.8724,293,-24.17,-15.803,19.312,18.761,-0.033791,0.43291,0.55677
hts2a,coslsp,framemod,0.0064,4.0514,3.1058,7.3711,293,-11.955,-3.614,6.7547,6.9167,0.050849,1.7298,0.44728
hts2a,coslsp,framemod,0.0256,16.744,9.594,38.782,293,6.9011,40.324,-5.3071,-10,-0.26877,3.6495,0.18535
hts2a,coslsp,framemod,0.1024,44.875,43.273,65.268,293,44.695,67.278,-9.8848,-10,-7.8403,-5.7909,0.16538
hts2a,coslsp,dc,0.0001,0.06051,0.033313,0.11456,293,-49.98,-43.493,34.932,35,-0.00046554,0.016943,0.56834
hts2a,coslsp,dc,0.0004,0.23124,0.13234,0.50281,293,-37.888,-31.299,30.653,30.769,-0.0022215,0.066752,0.56828
hts2a,coslsp,dc,0.0016,0.87407,0.54883,1.8678,293,-25.801,-19.207,19.551,18.733,-0.017258,0.23421,0.5678
hts2a,coslsp,dc,0.0064,2.7082,2.2005,5.2273,293,-13.717,-8.4995,7.5339,6.5596,-0.02318,0.79374,0.56918
hts2a,coslsp,dc,0.0256,7.413,7.4867,10.988,293,-2.5327,4.3866,-2.6877,-3.0159,-0.14485,1.5268,0.4643
hts2a,coslsp,dc,0.1024,23.963,19.861,41.504,293,8.0133,31.332,-9.228,-10,-6.4329,-1.6827,0.072329
hts2a,coslsp,worst,0.0001,0.058337,0.030981,0.12684,293,-51.581,-42,34.877,35,-0.0051575,0.011632,0.56792
hts2a,coslsp,worst,0.0004,0.22792,0.12502,0.50627,293,-39.437,-29.93,31.477,32.509,-0.019555,0.047241,0.56651
hts2a,coslsp,worst,0.0016,0.85806,0.5054,2.0783,293,-27.211,-17.889,20.637,20.19,-0.07834,0.20276,0.55884
hts2a,coslsp,worst,0.0064,3.3823,2.1045,7.251,293,-14.137,-4.0583,6.9601,7.2512,-0.39852,0.53437,0.49286
hts2a,coslsp,worst,0.0256,9.4381,7.6846,15.59,293,0.17552,19.24,-5.3535,-6.3145,-1.72,0.94384,0.35482
hts2a,coslsp,worst,0.1024,25.751,26.052,40.155,293,29.151,52.85,-9.3279,-10,-3.1612,-0.45522,0.2407
hts2a,state,white,0.25,0.032602,0.0068053,0.11019,293,-69.993,-44.253,35,35,-0.00015234,0.0011289,0.56837
hts2a,state,white,1,0.13313,0.027043,0.43668,293,-57.946,-32.232,33.951,35,-0.00065217,0.004502,0.56842
hts2a,state,white,4,0.4938,0.10751,1.6502,293,-45.884,-20.134,30.941,35,-0.0024614,0.017792,0.56861
hts2a,state,white,16,1.4682,0.42212,4.8456,293,-33.755,-8.3009,25.612,31.284,-0.0091394,0.075191,0.56931
hts2a,state,white,64,3.5773,1.5287,10.588,293,-22.023,4.4983,15.562,19.242,-0.035054,0.34143,0.5703
hts2a,state,white,256,7.8111,4.4548,20.325,293,-10.086,18.206,5.3184,7.2465,-0.11444,0.90511,0.55441
hts2a,state,framemod,0.25,0.047373,0.010193,0.15204,293,-67.024,-41.176,34.998,35,-5.0373e-05,0.0018265,0.56832
hts2a,state,framemod,1,0.17816,0.040753,0.59735,293,-54.989,-29.149,33.509,35,-0.00030198,0.0072991,0.56821
hts2a,state,framemod,4,0.64903,0.16347,2.2381,293,-42.972,-17.097,30.042,35,-0.00076877,0.032999,0.56779
hts2a,state,framemod,16,1.8788,0.65013,6.1397,293,-31.02,-5.3581,23.51,27.847,-0.0036222,0.13137,0.56596
hts2a,state,framemod,64,4.475,2.2107,12.443,293,-18.895,8.3684,12.794,15.84,-0.013794,0.61523,0.5575
hts2a,state,framemod,256,9.3357,5.659,23.131,293,-7.4305,21.748,2.9818,3.9225,0.053787,1.5221,0.52692
hts2a,state,dc,0.25,0.037272,0.0024713,0.089181,293,-78.845,-47.641,33.48,35,-0.00014961,0.004853,0.56835
hts2a,state,dc,1,0.13636,0.009887,0.38064,293,-66.804,-35.524,30.701,35,-0.00060485,0.019276,0.56835
hts2a,state,dc,4,0.40809,0.039578,1.2685,293,-54.754,-23.63,26.926,35,-0.0019613,0.064857,0.56837
hts2a,state,dc,16,1.1013,0.15587,3.7339,293,-42.622,-13.879,21.459,31.64,-0.012628,0.14688,0.56846
hts2a,state,dc,64,2.4869,0.57307,7.4016,293,-30.502,-2.3849,14.249,19.581,-0.057755,0.22586,0.56868
hts2a,state,dc,256,5.2982,2.1195,15.158,293,-19.163,11.341,5.7823,7.2826,-0.22832,0.42059,0.57046
hts2a,pulsepos,white,0.03125,0.15982,0.074266,0.17478,293,-48.316,-42.27,34.406,35,-1.2434e-14,0.0099885,0.56735
hts2a,pulsepos,white,0.125,0.59929,0.29653,0.87577,293,-36.342,-29.208,32.406,35,-1.2434e-14,0.059749,0.5677
hts2a,pulsepos,white,0.5,1.9507,1.351,5.3512,293,-23.391,-8.4755,23.64,25.886,-1.5987e-14,0.24789,0.5688
hts2a,pulsepos,white,2,3.5164,4.0683,6.4365,293,-11.865,-7.5526,16.556,13.014,-1.4211e-14,0.46583,0.56414
hts2a,pulsepos,white,8,4.4197,5.0306,7.4989,293,-8.8256,-5.139,10.461,5.4454,-7.1054e-15,0.88775,0.51786
hts2a,pulsepos,qround,0.03125,0.6204,0.17811,1.626,293,-40.601,-22.082,31.643,35,-1.5987e-14,0.067027,0.56662
hts2a,pulsepos,qround,0.125,2.2649,1.3106,5.9247,293,-23.734,-7.9205,22.155,24.653,-1.0303e-13,0.19145,0.5723
hts2a,pulsepos,qround,0.5,3.1744,3.4913,6.3176,293,-13.077,-7.3128,16.373,10.705,-1.5987e-14,0.28584,0.56422
hts2a,pulsepos,qround,2,4.3206,4.7758,7.2561,293,-9.4662,-5.9956,8.9378,4.4432,-1.2434e-14,0.59394,0.56713
hts2a,pulsepos,qround,8,5.1582,5.6709,8.5806,293,-7.4893,-4.1004,5.3751,-2.2317,-1.4211e-14,1.4582,0.5305
hts2a,pulsepos,qtrunc,0.03125,2.8702,2.8714,6.0732,293,-16.266,-7.1137,19.629,13.322,-9.4147e-14,0.36888,0.57161
hts2a,pulsepos,qtrunc,0.125,3.4552,3.7082,6.6807,293,-12.699,-7.3315,13.688,8.088,-2.4869e-14,0.34385,0.57299
hts2a,pulsepos,qtrunc,0.5,4.0406,4.689,7.442,293,-10.212,-6.2697,9.4933,3.6096,-1.2434e-14,0.70421,0.57027
hts2a,pulsepos,qtrunc,2,4.8185,5.4114,8.3446,293,-8.1267,-4.1853,6.2969,-1.5301,-1.7764e-14,0.91088,0.5624
hts2a,pulsepos,qtrunc,8,5.538,6.1984,9.4844,293,-6.185,-1.7798,5.3875,-2.3211,-3.1353e-12,1.0916,0.45693
hts2a,log2e,white,0.002,0.016541,0.012351,0.027471,293,-60.726,-55.294,35,35,-0.00014203,0.0083566,0.56833
hts2a,log2e,white,0.008,0.061688,0.049529,0.1111,293,-48.71,-43.285,35,35,-0.00056778,0.034385,0.56827
hts2a,log2e,white,0.032,0.24299,0.1991,0.44851,293,-36.64,-31.322,33.556,34.969,-0.0021064,0.13392,0.56799
hts2a,log2e,white,0.128,0.90017,0.78946,1.6093,293,-24.756,-19.045,23.743,23.066,0.019714,0.55585,0.56604
hts2a,log2e,white,0.512,3.0465,2.8742,5.1479,293,-13.028,-6.8552,11.892,11.405,0.40079,1.8808,0.54453
hts2a,log2e,framemod,0.002,0.024431,0.018795,0.03722,293,-59.376,-57.587,35,35,-0.00072231,0.010613,0.56834
hts2a,log2e,framemod,0.008,0.096196,0.07501,0.15146,293,-47.34,-45.558,35,35,-0.0029138,0.042224,0.56831
hts2a,log2e,framemod,0.032,0.36354,0.2977,0.57439,293,-35.319,-33.472,33.122,33.05,-0.0055894,0.16529,0.56815
hts2a,log2e,framemod,0.128,1.3133,1.1737,1.9019,293,-23.308,-21.377,21.302,20.99,0.20255,0.65025,0.56687
hts2a,log2e,framemod,0.512,3.9613,3.8255,5.0181,293,-11.267,-8.329,9.0434,8.7245,1.1093,2.1633,0.5506
hts2a,log2e,dc,0.002,0.012041,0.012041,0.012041,293,-57.157,-57.157,35,35,-1.0658e-14,7.1054e-15,0.56835
hts2a,log2e,dc,0.008,0.048165,0.048165,0.048165,293,-45.098,-45.098,35,35,-1.0658e-14,5.3291e-15,0.56835
hts2a,log2e,dc,0.032,0.19266,0.19266,0.19266,293,-32.984,-32.984,32.984,32.984,-1.2434e-14,6.2172e-15,0.56835
hts2a,log2e,dc,0.128,0.77064,0.77064,0.77064,293,-20.651,-20.651,20.651,20.651,-1.0658e-14,5.3291e-15,0.56835
hts2a,log2e,dc,0.512,3.0825,3.0825,3.0825,293,-7.4113,-7.4113,7.4113,7.4113,-8.8818e-15,5.3291e-15,0.56835
hts2a,mixfc,dc,0.0025,0.036354,0.033513,0.06209,293,-55.223,-52.335,35,35,-1.4211e-14,0.0055974,0.56842
hts2a,mixfc,dc,0.01,0.14697,0.13462,0.25467,293,-43.2,-40.262,34.974,35,-1.3323e-14,0.026554,0.56861
hts2a,mixfc,dc,0.04,0.55061,0.53755,0.97402,293,-31.081,-28.201,33.257,35,-1.2434e-14,0.10883,0.5694
hts2a,mixfc,dc,0.16,1.8004,1.9441,2.9612,293,-19.334,-16.171,24.798,25.201,-1.7764e-14,0.43884,0.57196
hts2a,mixfc,dc,0.64,3.6725,4.1159,5.575,293,-12.087,-9.4238,18.713,17.697,-1.7764e-14,0.63342,0.57378
hts2a,mixfc,white,0.0025,0.040203,0.030384,0.086083,293,-56.655,-48.089,35,35,-1.0658e-14,0.0038687,0.56834
hts2a,mixfc,white,0.01,0.15548,0.1218,0.34748,293,-44.555,-36.03,34.984,35,-9.77e-15,0.015332,0.56832
hts2a,mixfc,white,0.04,0.57737,0.48418,1.2906,293,-32.459,-24.211,33.592,35,-8.8818e-15,0.052617,0.56821
hts2a,mixfc,white,0.16,1.8481,1.8089,3.6386,293,-20.635,-13.132,26.448,26.429,-8.8818e-15,0.1907,0.5669
hts2a,mixfc,white,0.64,4.1436,4.5083,7.1518,293,-10.884,-3.9809,15.11,13.434,0.00039068,0.95518,0.51874
hts2a,mixnf,dc,0.25,0.14062,0.14607,0.22475,293,-40.127,-36.636,35,35,5.5769e-11,0.013688,0.5679
hts2a,mixnf,dc,1,0.53395,0.58985,0.89733,293,-27.597,-24.194,34.311,35,4.5108e-08,0.055748,0.56646
hts2a,mixnf,dc,4,2.0212,2.3583,3.1319,293,-13.903,-10.49,28.659,29.906,0.00020435,0.2567,0.55949
hts2a,mixnf,dc,16,8.4487,10.218,12.103,293,6.2485,9.2442,13.076,9.9815,0.0047957,1.5415,0.53172
hts2a,mixnf,white,0.25,0.13284,0.10465,0.28598,293,-44.736,-36.31,35,35,-3.908e-14,0.0092719,0.56834
hts2a,mixnf,white,1,0.4861,0.39791,1.0544,293,-32.918,-24.716,34.547,35,-4.7073e-14,0.038073,0.56805
hts2a,mixnf,white,4,1.6288,1.5648,3.4574,293,-21.479,-11.978,30.999,35,-3.5527e-14,0.19102,0.56174
hts2a,mixnf,white,16,5.5951,3.9004,13.083,293,-12.456,10.867,21.131,23.136,-1.5099e-14,1.3215,0.50437
hts2a,wo,white,0.0005,1.3072,0.43197,4.5555,293,-33.443,-10.033,27.559,33.434,-1.5987e-14,0.15673,0.56734
hts2a,wo,white,0.002,2.5491,2.0569,5.63,293,-18.615,-8.1273,20.276,18.296,-3.5527e-14,0.48382,0.56295
hts2a,wo,white,0.008,3.6959,4.1616,6.745,293,-11.748,-7.2309,12.922,8.3753,-1.1546e-13,0.40387,0.57093
hts2a,wo,white,0.032,4.4529,5.1055,7.6868,293,-9.2695,-5.6205,7.5505,0.64541,7.5331e-07,0.84157,0.55384
hts2a,wo,white,0.128,5.1266,5.8404,8.7343,293,-6.689,-3.253,5.3201,-2.1606,0.00118,1.6375,0.48668
hts2a,wo,dc,0.0005,3.18,3.5826,6.2007,293,-13.692,-7.661,16.782,11.674,-9.1482e-14,0.39393,0.57189
hts2a,wo,dc,0.002,3.696,4.0976,6.69,293,-12.251,-7.0067,11.699,6.3455,-6.0891e-08,0.4709,0.57104
hts2a,wo,dc,0.008,4.4625,5.0872,7.5627,293,-9.7193,-6.1284,6.7254,-0.33374,-1.954e-14,0.58417,0.56614
hts2a,wo,dc,0.032,4.8146,5.5644,7.7649,293,-8.22,-5.1314,5.5353,-2.2517,-1.0389e-05,0.77564,0.56261
hts2a,wo,dc,0.128,5.6501,6.4831,9.1791,293,-5.3063,-1.5672,4.4939,-2.5508,-0.0014104,0.82864,0.43754
hts2a,wo,framemod,0.0005,0.70617,0.27114,1.4444,293,-36.644,-22.407,31.106,35,-1.954e-14,0.067713,0.56995
hts2a,wo,framemod,0.002,2.2508,1.3326,6.0678,293,-23.079,-7.6713,21.562,22.301,-7.6383e-14,0.22722,0.57167
hts2a,wo,framemod,0.008,3.531,3.7906,6.7304,293,-12.324,-7.4133,14.319,10.858,-1.4211e-14,0.61822,0.56262
hts2a,wo,framemod,0.032,4.461,4.8864,7.4507,293,-9.2489,-5.8352,7.9819,2.9171,0.00020315,0.93725,0.55657
hts2a,wo,framemod,0.128,5.3929,6.212,9.1374,293,-5.8358,-1.8012,5.0108,-2.2347,0.11312,2.0594,0.45198
hts2a,lsphz,white,0.5,0.13215,0.087255,0.25389,293,-46.174,-39.965,34.951,35,0.0030456,0.031692,0.56842
hts2a,lsphz,white,2,0.47849,0.35635,0.97046,293,-34.118,-27.857,30.464,30.827,0.01656,0.13087,0.56837
hts2a,lsphz,white,8,1.6551,1.3761,3.1896,293,-21.924,-15.617,18.714,18.866,0.052221,0.53111,0.56234
hts2a,lsphz,white,32,4.791,4.3024,7.6846,293,-9.7925,-3.3612,6.454,6.8414,0.22238,2.0272,0.47164
hts2a,lsphz,white,128,36.177,39.106,54.885,293,40.337,57.091,-8.7315,-10,-7.339,-2.1253,0.099315
hts2a,lsphz,dc,0.5,0.074582,0.049449,0.14325,293,-47.485,-41.817,34.971,35,0.003765,0.022948,0.56839
hts2a,lsphz,dc,2,0.29418,0.19636,0.54508,293,-35.456,-29.703,29.73,30.236,0.01501,0.093367,0.5685
hts2a,lsphz,dc,8,1.0698,0.76933,2.0066,293,-23.412,-17.451,17.776,18.184,0.059115,0.35674,0.56906
hts2a,lsphz,dc,32,3.4895,2.8818,6.1318,293,-10.755,-5.0502,6.1769,6.5186,0.16397,1.3094,0.57454
hts2a,lsphz,dc,128,9.3449,9.1291,11.621,293,3.9614,8.5059,-2.1006,-2.3617,0.53782,2.4344,0.50296
hts2a,lsphz,worst,0.5,0.076785,0.050114,0.14641,293,-47.952,-40.292,34.899,35,-0.0049559,0.019591,0.56786
hts2a,lsphz,worst,2,0.29694,0.19993,0.59739,293,-35.84,-28.352,30.277,31.191,-0.016356,0.076946,0.5662
hts2a,lsphz,worst,8,1.1038,0.76948,2.248,293,-23.527,-16.346,18.016,19.038,-0.089431,0.33617,0.55651
hts2a,lsphz,worst,32,4.4804,3.3879,8.4551,293,-10.456,-1.4695,3.906,5.7877,-0.48199,0.84569,0.46351
hts2a,lsphz,worst,128,16.012,14.736,24.945,293,16.08,32.655,-8.4656,-10,-2.461,0.47798,0.28123
hts2a,edb,white,0.05,0.041794,0.032993,0.077793,293,-49.409,-41.319,35,35,4.7228e-07,0.01842,0.56816
hts2a,edb,white,0.2,0.16957,0.13128,0.31109,293,-37.324,-29.245,33.547,35,1.8587e-06,0.072786,0.56752
hts2a,edb,white,0.8,0.65345,0.52525,1.2482,293,-25.14,-17.295,25.029,24.503,1.9935e-05,0.30883,0.56409
hts2a,edb,white,3.2,2.4917,2.0577,4.954,293,-13.353,-5.7372,13.503,12.137,0.00021026,1.1949,0.5347
hts2a,edb,white,12.8,9.8742,7.699,19.85,293,-2.6248,13.488,1.5548,1.9707,0.00052722,2.6149,0.37435
hts2a,edb,dc,0.05,0.05,0.05,0.05,293,-44.772,-44.772,35,35,-1.2434e-14,5.3291e-15,0.56835
hts2a,edb,dc,0.2,0.2,0.2,0.2,293,-32.655,-32.655,32.655,32.655,-1.2434e-14,5.3291e-15,0.56835
hts2a,edb,dc,0.8,0.8,0.8,0.8,293,-20.311,-20.311,20.311,20.311,-1.0658e-14,6.2172e-15,0.56835
hts2a,edb,dc,3.2,3.2,3.2,3.2,293,-7.0242,-7.0242,7.0242,7.0242,-8.8818e-15,5.3291e-15,0.56835
hts2a,edb,dc,12.8,13.238,12.8,13.505,293,10.54,10.59,-9.9664,-10,-7.1054e-15,7.1054e-15,0.57579
ve9qrp_10s,CLEAN,-,0,0,0,0,981,-inf,nan,35,35,-7.1054e-15,-1.7764e-15,0.56216
ve9qrp_10s,CLEAN2,-,0,6.3556,6.2572,8.3178,981,-7.1007,-3.2019,5.7593,5.6219,0.025038,1.0606,0.5601
ve9qrp_10s,coslsp,white,0.0001,0.031445,0.022249,0.054458,981,-55.304,-48.239,34.987,35,2.2282e-05,0.011175,0.56212
ve9qrp_10s,coslsp,white,0.0004,0.12489,0.08936,0.2143,981,-43.281,-36.227,33.704,35,-0.00036552,0.043381,0.56192
ve9qrp_10s,coslsp,white,0.0016,0.47442,0.35731,0.85997,981,-31.247,-24.274,25.175,25.976,-0.0019982,0.1662,0.55991
ve9qrp_10s,coslsp,white,0.0064,1.7165,1.3889,3.0615,981,-19.208,-11.901,12.965,13.726,-0.055069,0.59683,0.5382
ve9qrp_10s,coslsp,white,0.0256,7.1803,5.0117,12.938,981,-6.5736,9.7579,0.60127,2.0661,-0.63999,1.7205,0.30562
ve9qrp_10s,coslsp,white,0.1024,34.995,33.627,47.746,981,35.558,49.674,-9.9856,-10,-11.286,-7.4368,0.11219
ve9qrp_10s,coslsp,framemod,0.0001,0.041041,0.029555,0.069788,981,-53.576,-45.79,34.925,35,-9.4449e-05,0.012394,0.56199
ve9qrp_10s,coslsp,framemod,0.0004,0.15985,0.11733,0.28093,981,-41.559,-33.74,32.698,35,-0.00060985,0.048759,0.56133
ve9qrp_10s,coslsp,framemod,0.0016,0.61265,0.47521,1.1295,981,-29.533,-21.525,23.376,24.046,-0.0023997,0.18822,0.55694
ve9qrp_10s,coslsp,framemod,0.0064,2.2653,1.8278,4.0115,981,-17.282,-8.6369,11.072,11.941,-0.012409,0.75373,0.51931
ve9qrp_10s,coslsp,framemod,0.0256,8.1757,5.7321,17.076,981,-5.9164,19.695,-0.29751,1.4879,-0.42956,2.0775,0.2744
ve9qrp_10s,coslsp,framemod,0.1024,30.215,31.193,42.489,981,33.375,45.11,-9.6947,-10,-10.237,-0.76208,0.1386
ve9qrp_10s,coslsp,dc,0.0001,0.020763,0.016191,0.035917,981,-55.228,-48.938,34.988,35,0.00045581,0.0086188,0.56226
ve9qrp_10s,coslsp,dc,0.0004,0.083216,0.065011,0.14429,981,-43.125,-36.818,33.544,35,0.0015297,0.033953,0.56256
ve9qrp_10s,coslsp,dc,0.0016,0.33411,0.26647,0.58287,981,-30.866,-24.645,24.001,24.551,0.0014747,0.13704,0.56361
ve9qrp_10s,coslsp,dc,0.0064,1.3961,1.1573,2.5035,981,-18.111,-11.975,11.529,12.011,-0.055515,0.48515,0.56388
ve9qrp_10s,coslsp,dc,0.0256,10.459,6.7798,28.889,981,-3.9491,-0.24946,-1.5112,-1.2896,-2.7962,0.95659,0.46147
ve9qrp_10s,coslsp,dc,0.1024,22.596,17.559,40.942,981,-0.13908,8.127,-7.7822,-10,-8.0695,-3.2904,0.15081
ve9qrp_10s,coslsp,worst,0.0001,0.020486,0.014365,0.037012,981,-56.016,-48.659,35,35,-0.0018999,0.0068112,0.56206
ve9qrp_10s,coslsp,worst,0.0004,0.08283,0.057598,0.14731,981,-44.001,-36.58,33.773,35,-0.0078536,0.026892,0.5617
ve9qrp_10s,coslsp,worst,0.0016,0.33708,0.22921,0.60188,981,-31.938,-24.171,24.731,25.206,-0.038536,0.10405,0.55957
ve9qrp_10s,coslsp,worst,0.0064,1.4957,0.89795,2.9652,981,-19.948,-10.703,12.33,13.237,-0.21188,0.35286,0.54182
ve9qrp_10s,coslsp,worst,0.0256,5.0249,3.9657,9.0465,981,-6.8779,2.9598,0.40901,1.5357,-2.0931,0.70843,0.47601
ve9qrp_10s,coslsp,worst,0.1024,14.305,13.908,18.903,981,16.107,29.062,-9.4272,-10,-5.2389,-1.2776,0.34773
ve9qrp_10s,state,white,0.25,0.0053772,0.0018511,0.012077,981,-80.88,-65.974,35,35,3.4963e-06,0.00047475,0.56216
ve9qrp_10s,state,white,1,0.021706,0.0074143,0.048464,981,-68.838,-53.928,35,35,1.3157e-05,0.0018945,0.56216
ve9qrp_10s,state,white,4,0.083006,0.02979,0.1964,981,-56.796,-41.868,34.76,35,5.6005e-05,0.0076433,0.56214
ve9qrp_10s,state,white,16,0.30505,0.11893,0.79152,981,-44.753,-29.807,33.402,35,0.00031881,0.030842,0.56209
ve9qrp_10s,state,white,64,0.95523,0.47091,2.55,981,-32.723,-17.784,27.942,30.089,0.00020617,0.11664,0.56184
ve9qrp_10s,state,white,256,2.6498,1.6896,6.1545,981,-20.725,-6.0215,16.552,18.034,-0.012506,0.41821,0.55765
ve9qrp_10s,state,framemod,0.25,0.0070132,0.0026103,0.018024,981,-78.132,-63.339,35,35,9.8016e-06,0.00055062,0.56217
ve9qrp_10s,state,framemod,1,0.028062,0.010442,0.071764,981,-66.091,-51.307,34.995,35,3.9456e-05,0.0023786,0.56218
ve9qrp_10s,state,framemod,4,0.11005,0.041805,0.2701,981,-54.048,-39.255,34.578,35,0.00014957,0.0091312,0.56223
ve9qrp_10s,state,framemod,16,0.39401,0.1639,1.0902,981,-42,-27.161,32.735,35,0.00044618,0.037914,0.56245
ve9qrp_10s,state,framemod,64,1.2405,0.64381,3.2273,981,-29.993,-15.091,25.488,27.149,-0.00029488,0.14926,0.56342
ve9qrp_10s,state,framemod,256,3.3398,2.3005,7.6174,981,-17.957,-2.9134,13.734,15.098,-0.024762,0.84285,0.55907
ve9qrp_10s,state,dc,0.25,0.0014648,0.00036291,0.0031835,981,-94.614,-75.2,34.992,35,0.00036384,0.0019305,0.56216
ve9qrp_10s,state,dc,1,0.0058535,0.0014517,0.012825,981,-82.573,-63.164,34.653,35,0.0014581,0.0077374,0.56217
ve9qrp_10s,state,dc,4,0.023321,0.0058147,0.05305,981,-70.535,-50.619,33.304,35,0.0057448,0.030506,0.56218
ve9qrp_10s,state,dc,16,0.089504,0.023152,0.21437,981,-58.495,-38.306,29.471,34.531,0.021953,0.1024,0.56224
ve9qrp_10s,state,dc,64,0.27788,0.093419,0.72358,981,-46.448,-26.894,20.8,22.484,0.070231,0.25721,0.56268
ve9qrp_10s,state,dc,256,0.77988,0.36786,1.9236,981,-34.053,-17.999,9.7084,10.419,0.098166,0.42778,0.56433
ve9qrp_10s,pulsepos,white,0.03125,0.10651,0.036165,0.14697,981,-53.995,-42.911,34.613,35,-1.7764e-14,0.02007,0.56216
ve9qrp_10s,pulsepos,white,0.125,0.33378,0.14608,0.61394,981,-41.802,-30.578,32.356,35,-1.9096e-14,0.081401,0.56254
ve9qrp_10s,pulsepos,white,0.5,1.1665,0.60081,3.3282,981,-29.325,-13.933,24.297,24.821,-1.954e-14,0.26625,0.56383
ve9qrp_10s,pulsepos,white,2,2.415,2.2758,5.5254,981,-17.399,-8.145,17.541,10.669,-2.1316e-14,0.49348,0.56318
ve9qrp_10s,pulsepos,white,8,2.7242,3.1073,5.8634,981,-13.137,-7.0069,14.309,5.1109,-1.7764e-14,0.58922,0.56166
ve9qrp_10s,pulsepos,qround,0.03125,0.47447,0.065435,1.0346,981,-49.541,-25.604,31.246,35,-1.954e-14,0.085177,0.56216
ve9qrp_10s,pulsepos,qround,0.125,1.0892,0.25858,3.985,981,-36.827,-10.583,25.852,32.958,-1.7764e-14,0.29939,0.56194
ve9qrp_10s,pulsepos,qround,0.5,2.2157,1.4702,5.4376,981,-21.067,-7.757,17.909,15.065,-1.4211e-14,0.76685,0.56278
ve9qrp_10s,pulsepos,qround,2,2.5928,3.0339,5.6663,981,-13.181,-6.9952,14.91,7.3148,-8.8818e-15,0.82148,0.56274
ve9qrp_10s,pulsepos,qround,8,2.949,3.5945,6.2637,981,-11.318,-5.6987,12.987,1.5862,-1.2434e-14,1.0496,0.55917
ve9qrp_10s,pulsepos,qtrunc,0.03125,1.378,0.28344,4.5837,981,-35.678,-9.1568,24.327,31.242,-1.6431e-14,0.35319,0.56144
ve9qrp_10s,pulsepos,qtrunc,0.125,1.9468,0.78279,5.1927,981,-28.13,-8.4427,20.462,22.146,-1.7764e-14,0.48436,0.5639
ve9qrp_10s,pulsepos,qtrunc,0.5,2.4679,2.532,5.584,981,-15.203,-7.4253,15.544,9.3056,-1.4211e-14,0.80381,0.55963
ve9qrp_10s,pulsepos,qtrunc,2,2.8993,3.4952,6.2693,981,-11.766,-5.6278,13.319,3.1577,-1.2434e-14,1.0059,0.56136
ve9qrp_10s,pulsepos,qtrunc,8,3.2536,3.9714,6.8333,981,-10.045,-4.0198,12.206,-0.6452,-1.7764e-14,0.87525,0.55599
ve9qrp_10s,log2e,white,0.002,0.015126,0.01284,0.025393,981,-59.863,-53.932,35,35,-0.00018865,0.0088473,0.56216
ve9qrp_10s,log2e,white,0.008,0.061527,0.051369,0.10155,981,-47.835,-41.918,35,35,-0.00071718,0.035266,0.56214
ve9qrp_10s,log2e,white,0.032,0.23188,0.20528,0.40167,981,-35.799,-29.927,33.091,34.342,-0.0010068,0.13909,0.56202
ve9qrp_10s,log2e,white,0.128,0.88199,0.80006,1.5584,981,-23.767,-17.878,23.169,22.398,0.04118,0.55518,0.56046
ve9qrp_10s,log2e,white,0.512,3.1176,2.926,5.3155,981,-12.021,-5.2459,11.194,10.67,0.45923,1.8953,0.53597
ve9qrp_10s,log2e,framemod,0.002,0.021206,0.017043,0.029715,981,-58.97,-57.571,35,35,-0.0011492,0.012142,0.56216
ve9qrp_10s,log2e,framemod,0.008,0.083106,0.068066,0.11791,981,-46.92,-45.514,35,35,-0.0032906,0.048371,0.56213
ve9qrp_10s,log2e,framemod,0.032,0.32209,0.27031,0.47239,981,-34.881,-33.448,32.992,33.021,0.017011,0.19029,0.56199
ve9qrp_10s,log2e,framemod,0.128,1.1736,1.0621,1.6549,981,-22.86,-21.245,20.953,20.955,0.23371,0.7134,0.5606
ve9qrp_10s,log2e,framemod,0.512,3.7224,3.585,4.4991,981,-10.912,-8.0315,8.6653,8.6183,1.2176,2.1357,0.54393
ve9qrp_10s,log2e,dc,0.002,0.012041,0.012041,0.012041,981,-57.157,-57.157,35,35,-7.1054e-15,-1.7764e-15,0.56216
ve9qrp_10s,log2e,dc,0.008,0.048165,0.048165,0.048165,981,-45.098,-45.098,35,35,-7.1054e-15,-1.7764e-15,0.56216
ve9qrp_10s,log2e,dc,0.032,0.19266,0.19266,0.19266,981,-32.984,-32.984,32.984,32.984,-7.1054e-15,-1.7764e-15,0.56216
ve9qrp_10s,log2e,dc,0.128,0.77064,0.77064,0.77064,981,-20.651,-20.651,20.651,20.651,-7.1054e-15,-1.7764e-15,0.56216
ve9qrp_10s,log2e,dc,0.512,3.1114,3.0825,3.0825,981,-7.4113,-7.4113,7.4179,7.4113,-5.3291e-15,0,0.56085
ve9qrp_10s,mixfc,dc,0.0025,0.031242,0.028603,0.06023,981,-55.893,-52.119,35,35,-5.3291e-15,0.014958,0.56219
ve9qrp_10s,mixfc,dc,0.01,0.11709,0.11413,0.24059,981,-43.869,-40.069,34.864,35,-5.3291e-15,0.059452,0.56228
ve9qrp_10s,mixfc,dc,0.04,0.44746,0.45897,0.935,981,-31.894,-28.126,30.012,30.075,6.8865e-12,0.23488,0.5626
ve9qrp_10s,mixfc,dc,0.16,1.4787,1.7611,2.9312,981,-20.103,-16.505,22.437,18.629,1.5853e-08,0.77562,0.56306
ve9qrp_10s,mixfc,dc,0.64,2.9574,3.6075,5.5413,981,-13.158,-9.361,17.649,11.52,1.2967e-13,1.1423,0.55662
ve9qrp_10s,mixfc,white,0.0025,0.033088,0.023482,0.0805,981,-58.475,-48.746,35,35,-1.4211e-14,0.0064754,0.56214
ve9qrp_10s,mixfc,white,0.01,0.13141,0.093374,0.31545,981,-46.506,-36.668,34.771,35,-1.5099e-14,0.026065,0.56208
ve9qrp_10s,mixfc,white,0.04,0.48467,0.37082,1.2261,981,-34.491,-24.814,30.876,34.093,-1.7319e-14,0.10973,0.56178
ve9qrp_10s,mixfc,white,0.16,1.5234,1.3892,3.6925,981,-22.454,-13.294,23.547,22.026,-2.0428e-14,0.28649,0.55945
ve9qrp_10s,mixfc,white,0.64,3.2221,3.6218,6.7036,981,-12.79,-5.1128,16.011,11.563,-7.3719e-14,0.51799,0.52789
ve9qrp_10s,mixnf,dc,0.25,0.11613,0.14214,0.20987,981,-41.247,-36.884,34.999,35,-6.291e-08,0.0049279,0.56142
ve9qrp_10s,mixnf,dc,1,0.45596,0.57381,0.84045,981,-28.803,-24.405,33.22,35,-2.125e-06,0.02011,0.55896
ve9qrp_10s,mixnf,dc,4,1.757,2.3665,3.1675,981,-14.972,-10.592,24.945,23.334,-0.0031534,0.075756,0.54641
ve9qrp_10s,mixnf,dc,16,7.2327,10.287,12.216,981,5.1431,9.579,11.372,3.528,-0.61256,0.063588,0.47613
ve9qrp_10s,mixnf,white,0.25,0.11933,0.088817,0.28677,981,-46.662,-36.966,34.989,35,-1.2879e-14,0.0099832,0.5623
ve9qrp_10s,mixnf,white,1,0.4539,0.36179,1.1356,981,-34.814,-24.999,33.551,35,-1.4211e-14,0.036869,0.56219
ve9qrp_10s,mixnf,white,4,1.5023,1.3786,3.5149,981,-23.288,-12.294,27.709,29.64,-1.8652e-14,0.11474,0.55507
ve9qrp_10s,mixnf,white,16,5.1876,3.6541,13.617,981,-13.94,10.722,17.839,18.656,-5.5511e-14,0.31281,0.46132
ve9qrp_10s,wo,white,0.0005,0.91348,0.1971,3.4988,981,-40.01,-11.263,27.477,35,-1.7764e-14,0.15169,0.56206
ve9qrp_10s,wo,white,0.002,1.7706,0.8357,5.0681,981,-26.698,-8.5357,21.057,22.348,-1.7764e-14,0.41892,0.56088
ve9qrp_10s,wo,white,0.008,2.3715,2.4384,5.4256,981,-15.637,-7.946,16.169,9.8123,-1.4211e-14,0.60349,0.56415
ve9qrp_10s,wo,white,0.032,2.7722,3.3251,5.9395,981,-12.483,-6.5788,13.453,3.4615,6.9487e-07,0.78401,0.56494
ve9qrp_10s,wo,white,0.128,3.2694,3.7753,6.6896,981,-10.608,-4.956,11.881,-0.13526,0.00032176,1.2622,0.54892
ve9qrp_10s,wo,dc,0.0005,1.992,0.92778,5.1031,981,-26.229,-8.3784,20.256,21.662,-1.7764e-14,0.4063,0.56263
ve9qrp_10s,wo,dc,0.002,2.3986,2.5983,5.3675,981,-16.094,-7.759,15.692,8.3077,-1.7764e-14,0.60582,0.56258
ve9qrp_10s,wo,dc,0.008,2.8305,3.5826,5.9197,981,-12.055,-6.7034,12.797,1.7887,-1.954e-14,0.73033,0.56491
ve9qrp_10s,wo,dc,0.032,3.082,3.8825,6.4894,981,-10.935,-5.4657,12.233,-0.70658,-0.00048067,0.74693,0.5569
ve9qrp_10s,wo,dc,0.128,3.3379,4.1636,6.836,981,-9.6801,-4.6776,11.446,-0.95526,-0.0051607,0.44647,0.5393
ve9qrp_10s,wo,framemod,0.0005,0.56771,0.11556,1.2862,981,-43.927,-24.994,30.125,35,-1.5987e-14,0.12885,0.5621
ve9qrp_10s,wo,framemod,0.002,1.635,0.73644,4.9155,981,-27.376,-8.4304,21.516,22.209,-1.7764e-14,0.31922,0.56272
ve9qrp_10s,wo,framemod,0.008,2.3131,2.2812,5.4548,981,-17.339,-8.1522,17.158,10.082,-1.4211e-14,0.55428,0.56165
ve9qrp_10s,wo,framemod,0.032,2.7229,3.1083,5.8344,981,-13.25,-6.7123,13.806,3.3786,0.0014042,0.66381,0.56277
ve9qrp_10s,wo,framemod,0.128,3.3418,4.1079,6.8014,981,-9.7257,-4.9064,11.579,-0.95831,0.015768,1.2107,0.54573
ve9qrp_10s,lsphz,white,0.5,0.058526,0.044112,0.092484,981,-49.781,-45.372,34.998,35,-5.6945e-05,0.015871,0.56217
ve9qrp_10s,lsphz,white,2,0.2216,0.17679,0.35998,981,-37.735,-33.322,32.72,33.666,0.00019249,0.062186,0.56205
ve9qrp_10s,lsphz,white,8,0.83144,0.69874,1.3172,981,-25.73,-21.246,21.344,21.619,-0.00038919,0.24401,0.55954
ve9qrp_10s,lsphz,white,32,2.8655,2.6278,4.2559,981,-13.67,-9.3006,9.3816,9.6628,-0.037363,0.89977,0.52119
ve9qrp_10s,lsphz,white,128,17.446,11.911,35.217,981,10.666,37.792,-6.5133,-10,-3.4374,2.7435,0.12646
ve9qrp_10s,lsphz,dc,0.5,0.034593,0.030447,0.049264,981,-50.695,-47.19,34.995,35,0.0017476,0.017667,0.56204
ve9qrp_10s,lsphz,dc,2,0.13763,0.12151,0.19702,981,-38.649,-35.086,32.779,33.709,0.0069947,0.069461,0.56166
ve9qrp_10s,lsphz,dc,8,0.53787,0.47969,0.75765,981,-26.61,-23.001,21.085,21.685,0.019305,0.26927,0.55988
ve9qrp_10s,lsphz,dc,32,1.9745,1.823,2.735,981,-14.534,-10.484,9.3617,9.8083,0.060547,0.97693,0.54849
ve9qrp_10s,lsphz,dc,128,6.5143,6.3786,8.2475,981,-2.8262,2.7603,-0.13247,-0.18127,-0.16682,1.8688,0.45908
ve9qrp_10s,lsphz,worst,0.5,0.034712,0.027048,0.054473,981,-50.967,-46.646,35,35,-0.0022096,0.012249,0.56209
ve9qrp_10s,lsphz,worst,2,0.14015,0.108,0.22319,981,-38.926,-34.496,32.909,33.646,-0.0098041,0.048357,0.5618
ve9qrp_10s,lsphz,worst,8,0.54462,0.43168,0.88981,981,-26.859,-22.114,21.09,21.56,-0.051028,0.18081,0.55959
ve9qrp_10s,lsphz,worst,32,2.2991,1.7535,3.7524,981,-14.659,-8.934,8.5146,9.4126,-0.38762,0.58702,0.5306
ve9qrp_10s,lsphz,worst,128,9.8206,9.0769,14.088,981,0.25908,10.964,-4.5816,-4.5647,-4.0836,0.55994,0.38091
ve9qrp_10s,edb,white,0.05,0.04135,0.034912,0.081899,981,-48.65,-41.556,35,35,-5.2403e-14,0.0090509,0.56212
ve9qrp_10s,edb,white,0.2,0.16383,0.13952,0.3243,981,-36.648,-29.509,33.454,35,-8.5265e-14,0.036071,0.5619
ve9qrp_10s,edb,white,0.8,0.64597,0.56304,1.2831,981,-24.707,-17.623,24.978,24.227,-5.3291e-15,0.15894,0.5599
ve9qrp_10s,edb,white,3.2,2.5011,2.2226,4.9553,981,-12.567,-5.8228,13.726,12.235,9.428e-10,0.7342,0.53765
ve9qrp_10s,edb,white,12.8,9.5009,8.2558,18.639,981,-2.6669,12.619,2.2845,2.3134,1.4036e-07,2.0385,0.39753
ve9qrp_10s,edb,dc,0.05,0.05,0.05,0.05,981,-44.772,-44.772,35,35,-7.1054e-15,-1.7764e-15,0.56216
ve9qrp_10s,edb,dc,0.2,0.2,0.2,0.2,981,-32.655,-32.655,32.655,32.655,-7.1054e-15,-1.7764e-15,0.56216
ve9qrp_10s,edb,dc,0.8,0.8,0.8,0.8,981,-20.311,-20.311,20.311,20.311,-7.1054e-15,-1.7764e-15,0.56216
ve9qrp_10s,edb,dc,3.2,3.2321,3.2,3.2,981,-7.0242,-7.0242,7.0314,7.0242,-5.3291e-15,0,0.56075
ve9qrp_10s,edb,dc,12.8,13.37,12.8,14.915,981,10.54,11.561,-9.6364,-10,-5.3291e-15,0,0.503
