set,case,form,terms,sd_rms_db,sd_max_db,unstable_before_fixup,note
std,aa-50Hz,sos,2,3.43,10.876,0,
std,aa-50Hz,sos,3,0.381,1.163,0,
std,aa-50Hz,sos,4,0.057,0.261,0,
std,aa-50Hz,lattice,2,1.522,5.484,0,kclamp=0
std,aa-50Hz,lattice,3,0.26,1.05,0,kclamp=0
std,aa-50Hz,lattice,4,0.07,0.275,0,kclamp=0
std,aa-50Hz,svf,1,11.811,36.513,0,
std,aa-50Hz,svf,2,4.495,10.119,0,
std,aa-50Hz,svf,3,1.561,4.486,0,
std,aa-50Hz,lsp-allpass,2,3.873,25.062,0,order_fixes=1
std,aa-50Hz,lsp-allpass,3,0.818,3.499,0,order_fixes=0
std,aa-50Hz,parallel,3,1.166,3.496,0,
std,aa-50Hz,parallel,4,0.244,0.773,0,
std,aa-80Hz,sos,2,3.265,12.137,0,
std,aa-80Hz,sos,3,0.376,1.215,0,
std,aa-80Hz,sos,4,0.037,0.113,0,
std,aa-80Hz,lattice,2,1.628,6.342,0,kclamp=0
std,aa-80Hz,lattice,3,0.236,0.757,0,kclamp=0
std,aa-80Hz,lattice,4,0.025,0.081,0,kclamp=0
std,aa-80Hz,svf,1,11.812,36.967,0,
std,aa-80Hz,svf,2,4.655,10.296,0,
std,aa-80Hz,svf,3,1.588,4.471,0,
std,aa-80Hz,lsp-allpass,2,3.972,21.787,0,order_fixes=1
std,aa-80Hz,lsp-allpass,3,0.894,3.608,0,order_fixes=0
std,aa-80Hz,parallel,3,1.108,3.167,0,
std,aa-80Hz,parallel,4,1.096,3.278,0,
std,aa-120Hz,sos,2,3.681,11.375,0,
std,aa-120Hz,sos,3,0.423,1.05,0,
std,aa-120Hz,sos,4,0.058,0.164,0,
std,aa-120Hz,lattice,2,1.589,5.224,0,kclamp=0
std,aa-120Hz,lattice,3,0.147,0.659,0,kclamp=0
std,aa-120Hz,lattice,4,0.035,0.08,0,kclamp=0
std,aa-120Hz,svf,1,11.58,31.975,0,
std,aa-120Hz,svf,2,4.367,9.174,0,
std,aa-120Hz,svf,3,1.144,3.046,0,
std,aa-120Hz,lsp-allpass,2,2.794,7.943,0,order_fixes=1
std,aa-120Hz,lsp-allpass,3,0.989,3.805,0,order_fixes=0
std,aa-120Hz,parallel,3,0.349,0.813,0,
std,aa-120Hz,parallel,4,0.135,0.266,0,
std,aa-180Hz,sos,2,4.05,10.573,0,
std,aa-180Hz,sos,3,0.282,0.739,0,
std,aa-180Hz,sos,4,0.056,0.117,0,
std,aa-180Hz,lattice,2,1.751,6.594,0,kclamp=0
std,aa-180Hz,lattice,3,0.291,0.72,0,kclamp=0
std,aa-180Hz,lattice,4,0.035,0.078,0,kclamp=0
std,aa-180Hz,svf,1,10.605,29.259,0,
std,aa-180Hz,svf,2,4.111,8.254,0,
std,aa-180Hz,svf,3,0.699,1.897,0,
std,aa-180Hz,lsp-allpass,2,2.22,5.534,0,order_fixes=1
std,aa-180Hz,lsp-allpass,3,1.041,3.343,0,order_fixes=0
std,aa-180Hz,parallel,3,0.4,1.107,0,
std,aa-180Hz,parallel,4,0.639,1.554,0,
std,aa-250Hz,sos,2,0.934,1.59,0,
std,aa-250Hz,sos,3,0.429,0.881,0,
std,aa-250Hz,sos,4,0.056,0.123,0,
std,aa-250Hz,lattice,2,2.751,7.717,0,kclamp=0
std,aa-250Hz,lattice,3,0.164,0.438,0,kclamp=0
std,aa-250Hz,lattice,4,0.023,0.069,0,kclamp=0
std,aa-250Hz,svf,1,11.901,23.181,0,
std,aa-250Hz,svf,2,4.364,9.262,0,
std,aa-250Hz,svf,3,0.976,2.114,0,
std,aa-250Hz,lsp-allpass,2,3.489,10.828,0,order_fixes=1
std,aa-250Hz,lsp-allpass,3,0.484,1.666,0,order_fixes=0
std,aa-250Hz,parallel,3,1.517,4.362,0,
std,aa-250Hz,parallel,4,0.223,0.472,0,
std,aa-330Hz,sos,2,1.35,3.919,0,
std,aa-330Hz,sos,3,0.399,1.03,0,
std,aa-330Hz,sos,4,0.031,0.064,0,
std,aa-330Hz,lattice,2,1.822,5.061,0,kclamp=0
std,aa-330Hz,lattice,3,0.37,0.98,0,kclamp=0
std,aa-330Hz,lattice,4,0.141,0.326,0,kclamp=0
std,aa-330Hz,svf,1,14.332,29.814,0,
std,aa-330Hz,svf,2,2.345,4.433,0,
std,aa-330Hz,svf,3,0.256,0.511,0,
std,aa-330Hz,lsp-allpass,2,4.717,14.934,0,order_fixes=1
std,aa-330Hz,lsp-allpass,3,0.672,2.084,0,order_fixes=0
std,aa-330Hz,parallel,3,5.392,17.648,0,
std,aa-330Hz,parallel,4,1.309,4.042,0,
std,aa-400Hz,sos,2,1.049,1.573,0,
std,aa-400Hz,sos,3,0.415,1.004,0,
std,aa-400Hz,sos,4,0.093,0.181,0,
std,aa-400Hz,lattice,2,2.123,4.047,0,kclamp=0
std,aa-400Hz,lattice,3,0.189,0.46,0,kclamp=0
std,aa-400Hz,lattice,4,0.075,0.14,0,kclamp=0
std,aa-400Hz,svf,1,11.166,18.385,0,
std,aa-400Hz,svf,2,3.127,5.858,0,
std,aa-400Hz,svf,3,1.478,3.194,0,
std,aa-400Hz,lsp-allpass,2,2.078,4.83,0,order_fixes=1
std,aa-400Hz,lsp-allpass,3,0.28,0.628,0,order_fixes=0
std,aa-400Hz,parallel,3,0.368,0.69,0,
std,aa-400Hz,parallel,4,0.12,0.333,0,
std,iy-50Hz,sos,2,2.514,8.486,0,
std,iy-50Hz,sos,3,0.67,2.304,0,
std,iy-50Hz,sos,4,0.233,0.705,0,
std,iy-50Hz,lattice,2,0.826,3.019,0,kclamp=0
std,iy-50Hz,lattice,3,0.217,0.73,0,kclamp=0
std,iy-50Hz,lattice,4,0.055,0.162,0,kclamp=0
std,iy-50Hz,svf,1,25.463,59.825,0,
std,iy-50Hz,svf,2,3.968,10.776,0,
std,iy-50Hz,svf,3,0.841,2.5,0,
std,iy-50Hz,lsp-allpass,2,2.41,13.527,0,order_fixes=1
std,iy-50Hz,lsp-allpass,3,0.558,1.732,0,order_fixes=0
std,iy-50Hz,parallel,3,0.662,2.364,0,
std,iy-50Hz,parallel,4,0.241,0.706,0,
std,iy-80Hz,sos,2,2.168,5.536,0,
std,iy-80Hz,sos,3,0.502,1.465,0,
std,iy-80Hz,sos,4,0.159,0.441,0,
std,iy-80Hz,lattice,2,0.67,2.427,0,kclamp=0
std,iy-80Hz,lattice,3,0.098,0.243,0,kclamp=0
std,iy-80Hz,lattice,4,0.025,0.078,0,kclamp=0
std,iy-80Hz,svf,1,32.087,66.815,0,
std,iy-80Hz,svf,2,2.59,8.07,0,
std,iy-80Hz,svf,3,0.806,2.674,0,
std,iy-80Hz,lsp-allpass,2,2.084,8.622,0,order_fixes=1
std,iy-80Hz,lsp-allpass,3,0.545,1.471,0,order_fixes=0
std,iy-80Hz,parallel,3,0.432,1.62,0,
std,iy-80Hz,parallel,4,0.156,0.361,0,
std,iy-120Hz,sos,2,2.787,8.443,0,
std,iy-120Hz,sos,3,0.578,1.431,0,
std,iy-120Hz,sos,4,0.238,0.892,0,
std,iy-120Hz,lattice,2,0.515,1.584,0,kclamp=0
std,iy-120Hz,lattice,3,0.143,0.506,0,kclamp=0
std,iy-120Hz,lattice,4,0.03,0.099,0,kclamp=0
std,iy-120Hz,svf,1,31.783,63.498,0,
std,iy-120Hz,svf,2,3.278,7.294,0,
std,iy-120Hz,svf,3,0.896,2.694,0,
std,iy-120Hz,lsp-allpass,2,2.252,8.691,0,order_fixes=1
std,iy-120Hz,lsp-allpass,3,0.606,1.822,0,order_fixes=0
std,iy-120Hz,parallel,3,0.669,1.809,0,
std,iy-120Hz,parallel,4,0.137,0.309,0,
std,iy-180Hz,sos,2,2.978,6.762,0,
std,iy-180Hz,sos,3,0.291,1.049,0,
std,iy-180Hz,sos,4,0.055,0.167,0,
std,iy-180Hz,lattice,2,0.873,2.188,0,kclamp=0
std,iy-180Hz,lattice,3,0.162,0.351,0,kclamp=0
std,iy-180Hz,lattice,4,0.021,0.044,0,kclamp=0
std,iy-180Hz,svf,1,31.537,53.539,0,
std,iy-180Hz,svf,2,3.449,8.299,0,
std,iy-180Hz,svf,3,1.088,2.909,0,
std,iy-180Hz,lsp-allpass,2,2.687,11.289,0,order_fixes=1
std,iy-180Hz,lsp-allpass,3,0.348,0.846,0,order_fixes=0
std,iy-180Hz,parallel,3,0.351,0.845,0,
std,iy-180Hz,parallel,4,0.143,0.313,0,
std,iy-250Hz,sos,2,3.504,8.844,0,
std,iy-250Hz,sos,3,0.689,1.736,0,
std,iy-250Hz,sos,4,0.077,0.189,0,
std,iy-250Hz,lattice,2,1.094,2.418,0,kclamp=0
std,iy-250Hz,lattice,3,0.279,0.498,0,kclamp=0
std,iy-250Hz,lattice,4,0.041,0.077,0,kclamp=0
std,iy-250Hz,svf,1,32.374,52.507,0,
std,iy-250Hz,svf,2,2.222,6.254,0,
std,iy-250Hz,svf,3,0.966,2.725,0,
std,iy-250Hz,lsp-allpass,2,1.577,4.236,0,order_fixes=1
std,iy-250Hz,lsp-allpass,3,0.348,1.015,0,order_fixes=0
std,iy-250Hz,parallel,3,1.136,2.259,0,
std,iy-250Hz,parallel,4,0.319,0.644,0,
std,iy-330Hz,sos,2,1.809,3.358,0,
std,iy-330Hz,sos,3,0.657,1.312,0,
std,iy-330Hz,sos,4,0.16,0.285,0,
std,iy-330Hz,lattice,2,0.389,1.018,0,kclamp=0
std,iy-330Hz,lattice,3,0.198,0.401,0,kclamp=0
std,iy-330Hz,lattice,4,0.048,0.086,0,kclamp=0
std,iy-330Hz,svf,1,35.506,71.41,0,
std,iy-330Hz,svf,2,1.524,3.587,0,
std,iy-330Hz,svf,3,0.478,1.03,0,
std,iy-330Hz,lsp-allpass,2,1.8,5.421,0,order_fixes=1
std,iy-330Hz,lsp-allpass,3,0.579,1.181,0,order_fixes=0
std,iy-330Hz,parallel,3,0.705,1.594,0,
std,iy-330Hz,parallel,4,0.21,0.5,0,
std,iy-400Hz,sos,2,1.029,1.924,0,
std,iy-400Hz,sos,3,0.971,2.178,0,
std,iy-400Hz,sos,4,0.235,0.633,0,
std,iy-400Hz,lattice,2,0.789,1.633,0,kclamp=0
std,iy-400Hz,lattice,3,0.128,0.2,0,kclamp=0
std,iy-400Hz,lattice,4,0.02,0.029,0,kclamp=0
std,iy-400Hz,svf,1,29.978,42.522,0,
std,iy-400Hz,svf,2,2.929,5.579,0,
std,iy-400Hz,svf,3,0.428,0.614,0,
std,iy-400Hz,lsp-allpass,2,1.602,2.897,0,order_fixes=0
std,iy-400Hz,lsp-allpass,3,0.146,0.245,0,order_fixes=0
std,iy-400Hz,parallel,3,0.593,1.567,0,
std,iy-400Hz,parallel,4,0.213,0.471,0,
std,uw-50Hz,sos,2,1.2,4.428,0,
std,uw-50Hz,sos,3,0.07,0.22,0,
std,uw-50Hz,sos,4,0.049,0.22,0,
std,uw-50Hz,lattice,2,1.907,7.158,0,kclamp=0
std,uw-50Hz,lattice,3,0.292,0.923,0,kclamp=0
std,uw-50Hz,lattice,4,0.064,0.196,0,kclamp=0
std,uw-50Hz,svf,1,11.24,24.294,0,
std,uw-50Hz,svf,2,1.319,5.199,0,
std,uw-50Hz,svf,3,0.196,0.543,0,
std,uw-50Hz,lsp-allpass,2,2.076,9.453,0,order_fixes=1
std,uw-50Hz,lsp-allpass,3,0.311,1.678,0,order_fixes=0
std,uw-50Hz,parallel,3,3.044,10.567,0,
std,uw-50Hz,parallel,4,1.837,5.288,0,
std,uw-80Hz,sos,2,0.841,3.893,0,
std,uw-80Hz,sos,3,0.161,0.476,0,
std,uw-80Hz,sos,4,0.07,0.271,0,
std,uw-80Hz,lattice,2,2.806,9.036,0,kclamp=0
std,uw-80Hz,lattice,3,0.125,0.482,0,kclamp=0
std,uw-80Hz,lattice,4,0.023,0.114,0,kclamp=0
std,uw-80Hz,svf,1,14.625,28.632,0,
std,uw-80Hz,svf,2,1.378,5.672,0,
std,uw-80Hz,svf,3,0.324,1.151,0,
std,uw-80Hz,lsp-allpass,2,1.826,7.106,0,order_fixes=1
std,uw-80Hz,lsp-allpass,3,0.32,0.863,0,order_fixes=0
std,uw-80Hz,parallel,3,5.723,17.353,0,
std,uw-80Hz,parallel,4,4.426,10.319,0,
std,uw-120Hz,sos,2,2.483,10.258,0,
std,uw-120Hz,sos,3,0.503,1.774,0,
std,uw-120Hz,sos,4,0.086,0.275,0,
std,uw-120Hz,lattice,2,1.593,5.18,0,kclamp=0
std,uw-120Hz,lattice,3,0.426,1.258,0,kclamp=0
std,uw-120Hz,lattice,4,0.114,0.366,0,kclamp=0
std,uw-120Hz,svf,1,13.982,25.601,0,
std,uw-120Hz,svf,2,0.944,3.06,0,
std,uw-120Hz,svf,3,0.203,0.374,0,
std,uw-120Hz,lsp-allpass,2,2.149,7.492,0,order_fixes=1
std,uw-120Hz,lsp-allpass,3,0.251,0.879,0,order_fixes=0
std,uw-120Hz,parallel,3,4.219,10.039,0,
std,uw-120Hz,parallel,4,0.888,2.35,0,
std,uw-180Hz,sos,2,1.948,5.279,0,
std,uw-180Hz,sos,3,0.136,0.292,0,
std,uw-180Hz,sos,4,0.129,0.48,0,
std,uw-180Hz,lattice,2,1.334,3.155,0,kclamp=0
std,uw-180Hz,lattice,3,0.063,0.134,0,kclamp=0
std,uw-180Hz,lattice,4,0.03,0.104,0,kclamp=0
std,uw-180Hz,svf,1,15.636,23.627,0,
std,uw-180Hz,svf,2,2.238,6.809,0,
std,uw-180Hz,svf,3,0.227,0.556,0,
std,uw-180Hz,lsp-allpass,2,2.012,5.662,0,order_fixes=1
std,uw-180Hz,lsp-allpass,3,0.237,0.733,0,order_fixes=0
std,uw-180Hz,parallel,3,1.991,4.183,0,
std,uw-180Hz,parallel,4,0.55,1.395,0,
std,uw-250Hz,sos,2,2.101,6.163,0,
std,uw-250Hz,sos,3,0.804,1.902,0,
std,uw-250Hz,sos,4,0.161,0.394,0,
std,uw-250Hz,lattice,2,1.989,3.892,0,kclamp=0
std,uw-250Hz,lattice,3,0.306,0.606,0,kclamp=0
std,uw-250Hz,lattice,4,0.07,0.151,0,kclamp=0
std,uw-250Hz,svf,1,12.778,23.307,0,
std,uw-250Hz,svf,2,1.781,4.078,0,
std,uw-250Hz,svf,3,0.335,0.809,0,
std,uw-250Hz,lsp-allpass,2,1.453,4.486,0,order_fixes=0
std,uw-250Hz,lsp-allpass,3,0.226,0.451,0,order_fixes=0
std,uw-250Hz,parallel,3,11.357,21.283,0,
std,uw-250Hz,parallel,4,1.97,4.012,0,
std,uw-330Hz,sos,2,1.833,5.055,0,
std,uw-330Hz,sos,3,0.321,0.963,0,
std,uw-330Hz,sos,4,0.099,0.288,0,
std,uw-330Hz,lattice,2,0.806,1.413,0,kclamp=0
std,uw-330Hz,lattice,3,0.164,0.354,0,kclamp=0
std,uw-330Hz,lattice,4,0.037,0.097,0,kclamp=0
std,uw-330Hz,svf,1,14.701,29.796,0,
std,uw-330Hz,svf,2,1.12,2.349,0,
std,uw-330Hz,svf,3,0.465,0.581,0,
std,uw-330Hz,lsp-allpass,2,0.572,1.355,0,order_fixes=0
std,uw-330Hz,lsp-allpass,3,0.192,0.432,0,order_fixes=0
std,uw-330Hz,parallel,3,6.038,11.967,0,
std,uw-330Hz,parallel,4,2.983,7.063,0,
std,uw-400Hz,sos,2,3.922,9.136,0,
std,uw-400Hz,sos,3,0.571,1.454,0,
std,uw-400Hz,sos,4,0.055,0.13,0,
std,uw-400Hz,lattice,2,0.248,0.447,0,kclamp=0
std,uw-400Hz,lattice,3,0.202,0.52,0,kclamp=0
std,uw-400Hz,lattice,4,0.017,0.039,0,kclamp=0
std,uw-400Hz,svf,1,14.225,17.436,0,
std,uw-400Hz,svf,2,2.566,3.693,0,
std,uw-400Hz,svf,3,0.32,0.635,0,
std,uw-400Hz,lsp-allpass,2,1.401,2.503,0,order_fixes=1
std,uw-400Hz,lsp-allpass,3,0.222,0.506,0,order_fixes=0
std,uw-400Hz,parallel,3,1.859,3.74,0,
std,uw-400Hz,parallel,4,1.937,4.95,0,
stress,cf-80Hz,sos,2,2.401,9.753,0,
stress,cf-80Hz,sos,3,0.731,3.673,0,
stress,cf-80Hz,sos,4,0.078,0.393,0,
stress,cf-80Hz,lattice,2,2.614,8.118,0,kclamp=0
stress,cf-80Hz,lattice,3,0.153,0.69,0,kclamp=0
stress,cf-80Hz,lattice,4,0.011,0.028,0,kclamp=0
stress,cf-80Hz,svf,1,12.224,27.645,0,
stress,cf-80Hz,svf,2,3.524,8.2,0,
stress,cf-80Hz,svf,3,0.428,1.322,0,
stress,cf-80Hz,lsp-allpass,2,2.787,14.041,0,order_fixes=2
stress,cf-80Hz,lsp-allpass,3,2.046,13.907,0,order_fixes=1
stress,cf-80Hz,parallel,3,3.699,8.61,0,
stress,cf-80Hz,parallel,4,1.788,3.674,0,
stress,cf-120Hz,sos,2,2.105,9.499,0,
stress,cf-120Hz,sos,3,0.873,2.633,0,
stress,cf-120Hz,sos,4,0.067,0.213,0,
stress,cf-120Hz,lattice,2,1.715,5.692,0,kclamp=0
stress,cf-120Hz,lattice,3,0.197,0.661,0,kclamp=0
stress,cf-120Hz,lattice,4,0.075,0.327,0,kclamp=0
stress,cf-120Hz,svf,1,17.241,33.303,0,
stress,cf-120Hz,svf,2,2.875,8.213,0,
stress,cf-120Hz,svf,3,0.858,1.572,0,
stress,cf-120Hz,lsp-allpass,2,2.143,7.512,0,order_fixes=2
stress,cf-120Hz,lsp-allpass,3,1.005,3.608,0,order_fixes=0
stress,cf-120Hz,parallel,3,1.963,3.823,0,
stress,cf-120Hz,parallel,4,2.489,9.531,0,
stress,cf-250Hz,sos,2,2.397,7.026,0,
stress,cf-250Hz,sos,3,1.081,2.974,0,
stress,cf-250Hz,sos,4,0.192,0.614,0,
stress,cf-250Hz,lattice,2,2.536,7.692,0,kclamp=0
stress,cf-250Hz,lattice,3,0.336,0.739,0,kclamp=0
stress,cf-250Hz,lattice,4,0.075,0.188,0,kclamp=0
stress,cf-250Hz,svf,1,17.624,24.875,0,
stress,cf-250Hz,svf,2,2.799,4.075,0,
stress,cf-250Hz,svf,3,0.421,0.896,0,
stress,cf-250Hz,lsp-allpass,2,2.716,8.534,0,order_fixes=3
stress,cf-250Hz,lsp-allpass,3,0.761,2.773,0,order_fixes=0
stress,cf-250Hz,parallel,3,2.108,5.396,0,
stress,cf-250Hz,parallel,4,2.65,5.926,0,
stress,cf-350Hz,sos,2,3.595,9.419,0,
stress,cf-350Hz,sos,3,0.251,0.616,0,
stress,cf-350Hz,sos,4,0.37,0.991,0,
stress,cf-350Hz,lattice,2,1.668,4.282,0,kclamp=0
stress,cf-350Hz,lattice,3,0.246,0.749,0,kclamp=0
stress,cf-350Hz,lattice,4,0.102,0.266,0,kclamp=0
stress,cf-350Hz,svf,1,18.729,31.114,0,
stress,cf-350Hz,svf,2,3.378,6.392,0,
stress,cf-350Hz,svf,3,1.439,2.742,0,
stress,cf-350Hz,lsp-allpass,2,2.053,4.673,0,order_fixes=3
stress,cf-350Hz,lsp-allpass,3,0.81,2.462,0,order_fixes=0
stress,cf-350Hz,parallel,3,4.094,6.973,0,
stress,cf-350Hz,parallel,4,4.005,9.926,0,
stress,cf-380Hz,sos,2,2.25,5.907,0,
stress,cf-380Hz,sos,3,1.324,3.846,0,
stress,cf-380Hz,sos,4,0.072,0.145,0,
stress,cf-380Hz,lattice,2,3.13,8.111,0,kclamp=0
stress,cf-380Hz,lattice,3,0.388,0.985,0,kclamp=0
stress,cf-380Hz,lattice,4,0.044,0.127,0,kclamp=0
stress,cf-380Hz,svf,1,11.101,26.501,0,
stress,cf-380Hz,svf,2,2.13,3.723,0,
stress,cf-380Hz,svf,3,0.388,0.698,0,
stress,cf-380Hz,lsp-allpass,2,2.219,5.055,0,order_fixes=3
stress,cf-380Hz,lsp-allpass,3,0.603,1.508,0,order_fixes=0
stress,cf-380Hz,parallel,3,10.43,20.56,0,
stress,cf-380Hz,parallel,4,2.061,4.057,0,
stress,cf-400Hz,sos,2,4.19,10.274,0,
stress,cf-400Hz,sos,3,0.513,1.026,0,
stress,cf-400Hz,sos,4,0.158,0.389,0,
stress,cf-400Hz,lattice,2,1.723,4.734,0,kclamp=0
stress,cf-400Hz,lattice,3,0.535,1.293,0,kclamp=0
stress,cf-400Hz,lattice,4,0.04,0.096,0,kclamp=0
stress,cf-400Hz,svf,1,11.665,20.34,0,
stress,cf-400Hz,svf,2,3.8,6.717,0,
stress,cf-400Hz,svf,3,0.967,2.294,0,
stress,cf-400Hz,lsp-allpass,2,2.754,5.478,0,order_fixes=2
stress,cf-400Hz,lsp-allpass,3,0.708,1.956,0,order_fixes=0
stress,cf-400Hz,parallel,3,1.405,2.706,0,
stress,cf-400Hz,parallel,4,1.155,2.527,0,
stress,nf-80Hz,sos,2,3.132,12.821,0,
stress,nf-80Hz,sos,3,0.298,0.747,0,
stress,nf-80Hz,sos,4,0.074,0.336,0,
stress,nf-80Hz,lattice,2,1.035,3.229,0,kclamp=0
stress,nf-80Hz,lattice,3,0.203,0.592,0,kclamp=0
stress,nf-80Hz,lattice,4,0.06,0.186,0,kclamp=0
stress,nf-80Hz,svf,1,16.437,51.546,0,
stress,nf-80Hz,svf,2,3.914,13.434,0,
stress,nf-80Hz,svf,3,0.434,1.702,0,
stress,nf-80Hz,lsp-allpass,2,2.154,9.738,0,order_fixes=1
stress,nf-80Hz,lsp-allpass,3,0.327,1.481,0,order_fixes=0
stress,nf-80Hz,parallel,3,0.231,0.755,0,
stress,nf-80Hz,parallel,4,0.168,0.557,0,
stress,nf-120Hz,sos,2,4.389,14.575,0,
stress,nf-120Hz,sos,3,0.147,0.54,0,
stress,nf-120Hz,sos,4,0.121,0.351,0,
stress,nf-120Hz,lattice,2,2.31,7.304,0,kclamp=0
stress,nf-120Hz,lattice,3,0.595,2.162,0,kclamp=0
stress,nf-120Hz,lattice,4,0.102,0.31,0,kclamp=0
stress,nf-120Hz,svf,1,18.874,51.727,0,
stress,nf-120Hz,svf,2,5.321,10.195,0,
stress,nf-120Hz,svf,3,0.346,0.921,0,
stress,nf-120Hz,lsp-allpass,2,2.568,10.44,0,order_fixes=0
stress,nf-120Hz,lsp-allpass,3,0.325,1.337,0,order_fixes=0
stress,nf-120Hz,parallel,3,0.621,2.028,0,
stress,nf-120Hz,parallel,4,0.583,1.979,0,
stress,nf-250Hz,sos,2,1.911,4.405,0,
stress,nf-250Hz,sos,3,0.245,0.541,0,
stress,nf-250Hz,sos,4,0.079,0.227,0,
stress,nf-250Hz,lattice,2,1.863,4.591,0,kclamp=0
stress,nf-250Hz,lattice,3,0.556,1.637,0,kclamp=0
stress,nf-250Hz,lattice,4,0.044,0.119,0,kclamp=0
stress,nf-250Hz,svf,1,19.065,38.715,0,
stress,nf-250Hz,svf,2,4.508,8.893,0,
stress,nf-250Hz,svf,3,0.279,0.88,0,
stress,nf-250Hz,lsp-allpass,2,2.673,7.903,0,order_fixes=2
stress,nf-250Hz,lsp-allpass,3,0.923,3.165,0,order_fixes=0
stress,nf-250Hz,parallel,3,5.378,12.032,0,
stress,nf-250Hz,parallel,4,1.288,3.921,0,
stress,nf-350Hz,sos,2,1.236,2.834,0,
stress,nf-350Hz,sos,3,0.362,0.886,0,
stress,nf-350Hz,sos,4,0.038,0.055,0,
stress,nf-350Hz,lattice,2,0.876,2.087,0,kclamp=0
stress,nf-350Hz,lattice,3,0.119,0.212,0,kclamp=0
stress,nf-350Hz,lattice,4,0.009,0.022,0,kclamp=0
stress,nf-350Hz,svf,1,16.424,24.022,0,
stress,nf-350Hz,svf,2,4.629,7.344,0,
stress,nf-350Hz,svf,3,0.445,1.246,0,
stress,nf-350Hz,lsp-allpass,2,1.048,2.377,0,order_fixes=0
stress,nf-350Hz,lsp-allpass,3,0.235,0.472,0,order_fixes=0
stress,nf-350Hz,parallel,3,0.631,1.805,0,
stress,nf-350Hz,parallel,4,0.234,0.697,0,
stress,nf-380Hz,sos,2,2.037,3.797,0,
stress,nf-380Hz,sos,3,0.349,0.88,0,
stress,nf-380Hz,sos,4,0.071,0.156,0,
stress,nf-380Hz,lattice,2,1.073,1.704,0,kclamp=0
stress,nf-380Hz,lattice,3,0.343,0.524,0,kclamp=0
stress,nf-380Hz,lattice,4,0.024,0.043,0,kclamp=0
stress,nf-380Hz,svf,1,17.854,28.418,0,
stress,nf-380Hz,svf,2,3.048,6.772,0,
stress,nf-380Hz,svf,3,0.711,1.264,0,
stress,nf-380Hz,lsp-allpass,2,1.243,3.003,0,order_fixes=0
stress,nf-380Hz,lsp-allpass,3,0.266,0.588,0,order_fixes=0
stress,nf-380Hz,parallel,3,1.153,3.329,0,
stress,nf-380Hz,parallel,4,0.056,0.09,0,
stress,nf-400Hz,sos,2,3.462,9.066,0,
stress,nf-400Hz,sos,3,0.302,0.691,0,
stress,nf-400Hz,sos,4,0.048,0.129,0,
stress,nf-400Hz,lattice,2,0.723,1.315,0,kclamp=0
stress,nf-400Hz,lattice,3,0.161,0.297,0,kclamp=0
stress,nf-400Hz,lattice,4,0.029,0.053,0,kclamp=0
stress,nf-400Hz,svf,1,17.001,27.934,0,
stress,nf-400Hz,svf,2,3.794,6.357,0,
stress,nf-400Hz,svf,3,0.605,1.028,0,
stress,nf-400Hz,lsp-allpass,2,1.112,2.178,0,order_fixes=0
stress,nf-400Hz,lsp-allpass,3,0.195,0.457,0,order_fixes=0
stress,nf-400Hz,parallel,3,0.297,0.682,0,
stress,nf-400Hz,parallel,4,0.044,0.119,0,
stress,nfhi-80Hz,sos,2,1.088,4.357,0,
stress,nfhi-80Hz,sos,3,0.319,1.254,0,
stress,nfhi-80Hz,sos,4,0.126,0.405,0,
stress,nfhi-80Hz,lattice,2,1.198,3.872,0,kclamp=0
stress,nfhi-80Hz,lattice,3,0.049,0.163,0,kclamp=0
stress,nfhi-80Hz,lattice,4,0.025,0.103,0,kclamp=0
stress,nfhi-80Hz,svf,1,32.403,72.89,0,
stress,nfhi-80Hz,svf,2,3.362,10.623,0,
stress,nfhi-80Hz,svf,3,0.492,1.654,0,
stress,nfhi-80Hz,lsp-allpass,2,2.131,6.753,0,order_fixes=1
stress,nfhi-80Hz,lsp-allpass,3,0.709,3.307,0,order_fixes=0
stress,nfhi-80Hz,parallel,3,0.408,1.254,0,
stress,nfhi-80Hz,parallel,4,0.064,0.12,0,
stress,nfhi-120Hz,sos,2,2.462,10.402,0,
stress,nfhi-120Hz,sos,3,0.658,2.372,0,
stress,nfhi-120Hz,sos,4,0.238,0.856,0,
stress,nfhi-120Hz,lattice,2,1.274,3.42,0,kclamp=0
stress,nfhi-120Hz,lattice,3,0.117,0.372,0,kclamp=0
stress,nfhi-120Hz,lattice,4,0.013,0.033,0,kclamp=0
stress,nfhi-120Hz,svf,1,35.47,71.452,0,
stress,nfhi-120Hz,svf,2,3.426,9.554,0,
stress,nfhi-120Hz,svf,3,0.308,0.634,0,
stress,nfhi-120Hz,lsp-allpass,2,1.921,4.813,0,order_fixes=1
stress,nfhi-120Hz,lsp-allpass,3,0.749,3.253,0,order_fixes=0
stress,nfhi-120Hz,parallel,3,0.624,2.092,0,
stress,nfhi-120Hz,parallel,4,0.184,0.463,0,
stress,nfhi-250Hz,sos,2,3.435,10.659,0,
stress,nfhi-250Hz,sos,3,0.275,0.78,0,
stress,nfhi-250Hz,sos,4,0.17,0.469,0,
stress,nfhi-250Hz,lattice,2,0.806,2.027,0,kclamp=0
stress,nfhi-250Hz,lattice,3,0.064,0.153,0,kclamp=0
stress,nfhi-250Hz,lattice,4,0.009,0.021,0,kclamp=0
stress,nfhi-250Hz,svf,1,37.02,56.289,0,
stress,nfhi-250Hz,svf,2,3.713,9.507,0,
stress,nfhi-250Hz,svf,3,1.085,2.544,0,
stress,nfhi-250Hz,lsp-allpass,2,1.625,4.803,0,order_fixes=1
stress,nfhi-250Hz,lsp-allpass,3,0.424,1.179,0,order_fixes=0
stress,nfhi-250Hz,parallel,3,0.962,2.711,0,
stress,nfhi-250Hz,parallel,4,0.154,0.473,0,
stress,nfhi-350Hz,sos,2,2.757,4.807,0,
stress,nfhi-350Hz,sos,3,0.786,2.312,0,
stress,nfhi-350Hz,sos,4,0.207,0.482,0,
stress,nfhi-350Hz,lattice,2,0.34,0.977,0,kclamp=0
stress,nfhi-350Hz,lattice,3,0.065,0.119,0,kclamp=0
stress,nfhi-350Hz,lattice,4,0.016,0.027,0,kclamp=0
stress,nfhi-350Hz,svf,1,43.861,77.029,0,
stress,nfhi-350Hz,svf,2,2.559,5.188,0,
stress,nfhi-350Hz,svf,3,0.197,0.338,0,
stress,nfhi-350Hz,lsp-allpass,2,1.413,2.902,0,order_fixes=2
stress,nfhi-350Hz,lsp-allpass,3,0.44,0.958,0,order_fixes=0
stress,nfhi-350Hz,parallel,3,0.705,1.151,0,
stress,nfhi-350Hz,parallel,4,0.126,0.335,0,
stress,nfhi-380Hz,sos,2,0.996,2.044,0,
stress,nfhi-380Hz,sos,3,0.51,1.054,0,
stress,nfhi-380Hz,sos,4,0.05,0.096,0,
stress,nfhi-380Hz,lattice,2,1.033,2.135,0,kclamp=0
stress,nfhi-380Hz,lattice,3,0.407,0.849,0,kclamp=0
stress,nfhi-380Hz,lattice,4,0.032,0.08,0,kclamp=0
stress,nfhi-380Hz,svf,1,37.62,52.995,0,
stress,nfhi-380Hz,svf,2,1.652,3.942,0,
stress,nfhi-380Hz,svf,3,1.007,2.268,0,
stress,nfhi-380Hz,lsp-allpass,2,2.514,4.36,0,order_fixes=1
stress,nfhi-380Hz,lsp-allpass,3,0.493,1.178,0,order_fixes=0
stress,nfhi-380Hz,parallel,3,0.291,0.593,0,
stress,nfhi-380Hz,parallel,4,0.076,0.148,0,
stress,nfhi-400Hz,sos,2,2.919,7.495,0,
stress,nfhi-400Hz,sos,3,0.523,1.325,0,
stress,nfhi-400Hz,sos,4,0.093,0.204,0,
stress,nfhi-400Hz,lattice,2,0.569,1.467,0,kclamp=0
stress,nfhi-400Hz,lattice,3,0.089,0.213,0,kclamp=0
stress,nfhi-400Hz,lattice,4,0.015,0.033,0,kclamp=0
stress,nfhi-400Hz,svf,1,41.1,58.583,0,
stress,nfhi-400Hz,svf,2,3.307,7.804,0,
stress,nfhi-400Hz,svf,3,0.54,1.323,0,
stress,nfhi-400Hz,lsp-allpass,2,2.028,4.241,0,order_fixes=1
stress,nfhi-400Hz,lsp-allpass,3,0.233,0.564,0,order_fixes=0
stress,nfhi-400Hz,parallel,3,0.378,0.61,0,
stress,nfhi-400Hz,parallel,4,0.086,0.161,0,
